rank,nthreads,thread,rep,work,msg_size,post_time,wait_time,comp_time,comm_time
0,23,0,1000,100,4,0.002019,0.010133,0.055291,0.067444
0,23,1,1000,100,4,0.001885,0.009637,0.053684,0.065206
0,23,2,1000,100,4,0.001855,0.009578,0.053683,0.065116
0,23,3,1000,100,4,0.001882,0.009720,0.053727,0.065329
0,23,4,1000,100,4,0.001860,0.009754,0.053666,0.065280
0,23,5,1000,100,4,0.001915,0.009637,0.053709,0.065261
0,23,6,1000,100,4,0.001902,0.009767,0.053730,0.065400
0,23,7,1000,100,4,0.001878,0.009636,0.053700,0.065215
0,23,8,1000,100,4,0.001869,0.009493,0.053667,0.065029
0,23,9,1000,100,4,0.001866,0.009573,0.053685,0.065123
0,23,10,1000,100,4,0.001856,0.009440,0.053669,0.064965
0,23,11,1000,100,4,0.001927,0.009373,0.053741,0.065040
0,23,12,1000,100,4,0.001826,0.009809,0.053676,0.065311
0,23,13,1000,100,4,0.001927,0.009726,0.053714,0.065367
0,23,14,1000,100,4,0.001855,0.009783,0.053675,0.065313
0,23,15,1000,100,4,0.001843,0.009848,0.053750,0.065441
0,23,16,1000,100,4,0.001870,0.009513,0.053696,0.065079
0,23,17,1000,100,4,0.001909,0.009805,0.053738,0.065451
0,23,18,1000,100,4,0.001893,0.009963,0.053722,0.065578
0,23,19,1000,100,4,0.001829,0.009647,0.053684,0.065161
0,23,20,1000,100,4,0.001835,0.009847,0.053682,0.065364
0,23,21,1000,100,4,0.001902,0.009664,0.053682,0.065247
0,23,22,1000,100,4,0.001899,0.009795,0.053705,0.065399
1,23,0,1000,100,4,0.002125,0.011844,0.055791,0.069760
1,23,1,1000,100,4,0.001965,0.010627,0.053821,0.066413
1,23,2,1000,100,4,0.001952,0.010246,0.053824,0.066022
1,23,3,1000,100,4,0.001816,0.010564,0.053771,0.066152
1,23,4,1000,100,4,0.001935,0.010312,0.053836,0.066084
1,23,5,1000,100,4,0.001889,0.010620,0.053855,0.066364
1,23,6,1000,100,4,0.001866,0.010667,0.053880,0.066413
1,23,7,1000,100,4,0.001912,0.010286,0.053815,0.066013
1,23,8,1000,100,4,0.001919,0.010299,0.053848,0.066066
1,23,9,1000,100,4,0.001874,0.010552,0.053839,0.066266
1,23,10,1000,100,4,0.001886,0.010230,0.053880,0.065997
1,23,11,1000,100,4,0.001853,0.010752,0.053845,0.066450
1,23,12,1000,100,4,0.002043,0.010492,0.053866,0.066401
1,23,13,1000,100,4,0.002005,0.010776,0.053884,0.066665
1,23,14,1000,100,4,0.001992,0.010579,0.053875,0.066447
1,23,15,1000,100,4,0.002001,0.010868,0.053909,0.066777
1,23,16,1000,100,4,0.001908,0.010675,0.053840,0.066423
1,23,17,1000,100,4,0.001926,0.010794,0.053944,0.066664
1,23,18,1000,100,4,0.001963,0.010947,0.053868,0.066778
1,23,19,1000,100,4,0.001949,0.010661,0.053891,0.066501
1,23,20,1000,100,4,0.001973,0.010713,0.053867,0.066554
1,23,21,1000,100,4,0.001987,0.010658,0.053884,0.066530
1,23,22,1000,100,4,0.002023,0.010439,0.053903,0.066365
0,23,0,1000,100,400,0.002167,0.011875,0.055331,0.069373
0,23,1,1000,100,400,0.001895,0.010070,0.053747,0.065713
0,23,2,1000,100,400,0.001929,0.010193,0.053752,0.065874
0,23,3,1000,100,400,0.001983,0.010501,0.053768,0.066252
0,23,4,1000,100,400,0.001969,0.010688,0.053737,0.066394
0,23,5,1000,100,400,0.001907,0.010523,0.053767,0.066198
0,23,6,1000,100,400,0.001932,0.010689,0.053782,0.066404
0,23,7,1000,100,400,0.001928,0.010725,0.053743,0.066395
0,23,8,1000,100,400,0.001921,0.010683,0.053748,0.066353
0,23,9,1000,100,400,0.001977,0.010591,0.053729,0.066297
0,23,10,1000,100,400,0.001930,0.010578,0.053750,0.066258
0,23,11,1000,100,400,0.001890,0.010577,0.053790,0.066257
0,23,12,1000,100,400,0.002040,0.011026,0.053756,0.066822
0,23,13,1000,100,400,0.002005,0.010929,0.053788,0.066722
0,23,14,1000,100,400,0.001972,0.009987,0.053779,0.065738
0,23,15,1000,100,400,0.002006,0.010625,0.053793,0.066424
0,23,16,1000,100,400,0.002000,0.010760,0.053785,0.066545
0,23,17,1000,100,400,0.001972,0.010431,0.053788,0.066191
0,23,18,1000,100,400,0.002038,0.010810,0.053819,0.066667
0,23,19,1000,100,400,0.001980,0.010551,0.053773,0.066304
0,23,20,1000,100,400,0.001947,0.010853,0.053792,0.066592
0,23,21,1000,100,400,0.001976,0.010627,0.053775,0.066378
0,23,22,1000,100,400,0.002013,0.010396,0.053799,0.066208
1,23,0,1000,100,400,0.002075,0.012666,0.055393,0.070134
1,23,1,1000,100,400,0.001844,0.011515,0.053633,0.066992
1,23,2,1000,100,400,0.001830,0.011443,0.053637,0.066910
1,23,3,1000,100,400,0.001868,0.011705,0.053690,0.067263
1,23,4,1000,100,400,0.001898,0.011596,0.053625,0.067119
1,23,5,1000,100,400,0.001889,0.011540,0.053672,0.067101
1,23,6,1000,100,400,0.001848,0.010641,0.053657,0.066145
1,23,7,1000,100,400,0.001853,0.011317,0.053658,0.066828
1,23,8,1000,100,400,0.001855,0.011408,0.053650,0.066913
1,23,9,1000,100,400,0.001854,0.011830,0.053637,0.067322
1,23,10,1000,100,400,0.001803,0.011491,0.053631,0.066925
1,23,11,1000,100,400,0.001886,0.011520,0.053633,0.067040
1,23,12,1000,100,400,0.001869,0.011627,0.053696,0.067192
1,23,13,1000,100,400,0.001866,0.011563,0.053635,0.067064
1,23,14,1000,100,400,0.001827,0.011191,0.053632,0.066651
1,23,15,1000,100,400,0.001872,0.011750,0.053657,0.067279
1,23,16,1000,100,400,0.001815,0.011621,0.053688,0.067124
1,23,17,1000,100,400,0.001810,0.011620,0.053657,0.067087
1,23,18,1000,100,400,0.001823,0.011806,0.053685,0.067314
1,23,19,1000,100,400,0.001846,0.011454,0.053636,0.066936
1,23,20,1000,100,400,0.001856,0.010898,0.053698,0.066453
1,23,21,1000,100,400,0.001836,0.011801,0.053636,0.067273
1,23,22,1000,100,400,0.001833,0.011790,0.053716,0.067339
0,23,0,1000,100,4000,0.002124,0.015157,0.055649,0.072929
0,23,1,1000,100,4000,0.001929,0.014944,0.053869,0.070742
0,23,2,1000,100,4000,0.001896,0.014270,0.053844,0.070011
0,23,3,1000,100,4000,0.001935,0.014393,0.053883,0.070211
0,23,4,1000,100,4000,0.001909,0.015194,0.053830,0.070933
0,23,5,1000,100,4000,0.001952,0.013847,0.053862,0.069661
0,23,6,1000,100,4000,0.001934,0.014889,0.053910,0.070733
0,23,7,1000,100,4000,0.001908,0.014977,0.053859,0.070744
0,23,8,1000,100,4000,0.001911,0.014662,0.053864,0.070437
0,23,9,1000,100,4000,0.001878,0.014197,0.053836,0.069911
0,23,10,1000,100,4000,0.001835,0.014862,0.053835,0.070532
0,23,11,1000,100,4000,0.001929,0.014919,0.053896,0.070744
0,23,12,1000,100,4000,0.001955,0.014609,0.053871,0.070435
0,23,13,1000,100,4000,0.002002,0.014906,0.053928,0.070836
0,23,14,1000,100,4000,0.001990,0.014192,0.053853,0.070035
0,23,15,1000,100,4000,0.001980,0.014878,0.053910,0.070768
0,23,16,1000,100,4000,0.001993,0.014968,0.053884,0.070845
0,23,17,1000,100,4000,0.001982,0.014009,0.053898,0.069888
0,23,18,1000,100,4000,0.001969,0.014387,0.053910,0.070266
0,23,19,1000,100,4000,0.002016,0.015169,0.053899,0.071083
0,23,20,1000,100,4000,0.001998,0.014104,0.053895,0.069996
0,23,21,1000,100,4000,0.002037,0.014158,0.053883,0.070077
0,23,22,1000,100,4000,0.002022,0.014867,0.053871,0.070760
1,23,0,1000,100,4000,0.002197,0.014919,0.055721,0.072837
1,23,1,1000,100,4000,0.001957,0.016690,0.053795,0.072442
1,23,2,1000,100,4000,0.001911,0.016258,0.053852,0.072022
1,23,3,1000,100,4000,0.001952,0.016482,0.053885,0.072319
1,23,4,1000,100,4000,0.001975,0.016275,0.053834,0.072084
1,23,5,1000,100,4000,0.001887,0.016238,0.053864,0.071989
1,23,6,1000,100,4000,0.001978,0.015976,0.053895,0.071850
1,23,7,1000,100,4000,0.001980,0.016449,0.053887,0.072317
1,23,8,1000,100,4000,0.001954,0.016199,0.053875,0.072029
1,23,9,1000,100,4000,0.001886,0.015942,0.053843,0.071672
1,23,10,1000,100,4000,0.001956,0.016397,0.053824,0.072178
1,23,11,1000,100,4000,0.001932,0.016439,0.053920,0.072290
1,23,12,1000,100,4000,0.002001,0.015776,0.053878,0.071655
1,23,13,1000,100,4000,0.001996,0.016164,0.053830,0.071990
1,23,14,1000,100,4000,0.001939,0.015756,0.053841,0.071537
1,23,15,1000,100,4000,0.001986,0.016474,0.053896,0.072356
1,23,16,1000,100,4000,0.002013,0.016259,0.053896,0.072168
1,23,17,1000,100,4000,0.001954,0.016651,0.053876,0.072481
1,23,18,1000,100,4000,0.001996,0.016600,0.053901,0.072497
1,23,19,1000,100,4000,0.002080,0.016425,0.053890,0.072396
1,23,20,1000,100,4000,0.001919,0.016584,0.053887,0.072390
1,23,21,1000,100,4000,0.001969,0.016746,0.053863,0.072578
1,23,22,1000,100,4000,0.001988,0.016552,0.053925,0.072464
0,23,0,1000,100,40000,0.002750,0.400726,0.059230,0.462706
0,23,1,1000,100,40000,0.002496,0.359694,0.054185,0.416374
0,23,2,1000,100,40000,0.002373,0.353006,0.054210,0.409589
0,23,3,1000,100,40000,0.002390,0.352191,0.054221,0.408802
0,23,4,1000,100,40000,0.002398,0.349952,0.054183,0.406533
0,23,5,1000,100,40000,0.002452,0.350922,0.054219,0.407594
0,23,6,1000,100,40000,0.002505,0.359839,0.054232,0.416577
0,23,7,1000,100,40000,0.002413,0.356947,0.054178,0.413538
0,23,8,1000,100,40000,0.002435,0.351926,0.054197,0.408558
0,23,9,1000,100,40000,0.002405,0.350851,0.054194,0.407450
0,23,10,1000,100,40000,0.002416,0.349691,0.054203,0.406311
0,23,11,1000,100,40000,0.002424,0.347817,0.054271,0.404511
0,23,12,1000,100,40000,0.002469,0.359461,0.054192,0.416122
0,23,13,1000,100,40000,0.002538,0.360220,0.054284,0.417042
0,23,14,1000,100,40000,0.002538,0.363093,0.054210,0.419842
0,23,15,1000,100,40000,0.002465,0.360091,0.054224,0.416780
0,23,16,1000,100,40000,0.002552,0.366130,0.054167,0.422849
0,23,17,1000,100,40000,0.002535,0.364516,0.054197,0.421247
0,23,18,1000,100,40000,0.002504,0.364652,0.054295,0.421451
0,23,19,1000,100,40000,0.002512,0.370833,0.054195,0.427540
0,23,20,1000,100,40000,0.002505,0.357767,0.054258,0.414530
0,23,21,1000,100,40000,0.002516,0.362958,0.054218,0.419692
0,23,22,1000,100,40000,0.002511,0.362874,0.054216,0.419600
1,23,0,1000,100,40000,0.002909,0.389091,0.059571,0.451571
1,23,1,1000,100,40000,0.002448,0.353091,0.054407,0.409945
1,23,2,1000,100,40000,0.002424,0.348297,0.054438,0.405160
1,23,3,1000,100,40000,0.002418,0.350135,0.054429,0.406982
1,23,4,1000,100,40000,0.002411,0.348694,0.054448,0.405553
1,23,5,1000,100,40000,0.002394,0.352539,0.054466,0.409399
1,23,6,1000,100,40000,0.002477,0.355810,0.054518,0.412805
1,23,7,1000,100,40000,0.002481,0.351014,0.054423,0.407918
1,23,8,1000,100,40000,0.002377,0.345494,0.054452,0.402323
1,23,9,1000,100,40000,0.002356,0.348668,0.054401,0.405426
1,23,10,1000,100,40000,0.002394,0.345062,0.054475,0.401932
1,23,11,1000,100,40000,0.002404,0.349834,0.054452,0.406690
1,23,12,1000,100,40000,0.002491,0.356548,0.054453,0.413492
1,23,13,1000,100,40000,0.002540,0.360000,0.054493,0.417034
1,23,14,1000,100,40000,0.002561,0.358583,0.054472,0.415617
1,23,15,1000,100,40000,0.002525,0.353599,0.054543,0.410666
1,23,16,1000,100,40000,0.002560,0.355793,0.054486,0.412839
1,23,17,1000,100,40000,0.002548,0.357177,0.054565,0.414290
1,23,18,1000,100,40000,0.002532,0.355965,0.054501,0.412998
1,23,19,1000,100,40000,0.002594,0.360878,0.054459,0.417932
1,23,20,1000,100,40000,0.002467,0.352228,0.054439,0.409134
1,23,21,1000,100,40000,0.002503,0.359057,0.054452,0.416012
1,23,22,1000,100,40000,0.002509,0.360516,0.054457,0.417483
0,23,0,1000,100,400000,0.002133,3.428676,0.060486,3.491295
0,23,1,1000,100,400000,0.001942,3.038213,0.054522,3.094676
0,23,2,1000,100,400000,0.001915,3.068161,0.054509,3.124586
0,23,3,1000,100,400000,0.001886,3.086309,0.054645,3.142840
0,23,4,1000,100,400000,0.001907,3.036020,0.054480,3.092406
0,23,5,1000,100,400000,0.001917,3.051127,0.054495,3.107538
0,23,6,1000,100,400000,0.001941,3.055849,0.054530,3.112320
0,23,7,1000,100,400000,0.001960,3.055958,0.054477,3.112396
0,23,8,1000,100,400000,0.001908,3.123434,0.054488,3.179830
0,23,9,1000,100,400000,0.001914,3.088077,0.054465,3.144455
0,23,10,1000,100,400000,0.001934,3.107618,0.054457,3.164008
0,23,11,1000,100,400000,0.001922,3.106549,0.054547,3.163018
0,23,12,1000,100,400000,0.001920,3.124056,0.054508,3.180484
0,23,13,1000,100,400000,0.001876,3.068448,0.054505,3.124828
0,23,14,1000,100,400000,0.001868,3.090346,0.054457,3.146671
0,23,15,1000,100,400000,0.001933,3.112586,0.054557,3.169077
0,23,16,1000,100,400000,0.001956,3.087834,0.054465,3.144255
0,23,17,1000,100,400000,0.001948,3.104491,0.054452,3.160892
0,23,18,1000,100,400000,0.001932,3.123628,0.054462,3.180021
0,23,19,1000,100,400000,0.001886,3.096447,0.054461,3.152794
0,23,20,1000,100,400000,0.001923,3.107076,0.054490,3.163489
0,23,21,1000,100,400000,0.001958,3.117128,0.054506,3.173592
0,23,22,1000,100,400000,0.001981,3.124903,0.054502,3.181386
1,23,0,1000,100,400000,0.002244,3.425159,0.060736,3.488139
1,23,1,1000,100,400000,0.001888,3.077782,0.054440,3.134109
1,23,2,1000,100,400000,0.001907,3.063074,0.054425,3.119406
1,23,3,1000,100,400000,0.001967,3.057490,0.054482,3.113939
1,23,4,1000,100,400000,0.001886,3.025443,0.054469,3.081798
1,23,5,1000,100,400000,0.001936,3.066335,0.054502,3.122774
1,23,6,1000,100,400000,0.001944,3.090782,0.054477,3.147203
1,23,7,1000,100,400000,0.001959,3.108760,0.054471,3.165190
1,23,8,1000,100,400000,0.001984,3.104838,0.054517,3.161339
1,23,9,1000,100,400000,0.001947,3.084579,0.054454,3.140980
1,23,10,1000,100,400000,0.001963,3.069987,0.054572,3.126521
1,23,11,1000,100,400000,0.001980,3.059072,0.054498,3.115550
1,23,12,1000,100,400000,0.002002,3.088269,0.054402,3.144673
1,23,13,1000,100,400000,0.001954,3.073053,0.054473,3.129480
1,23,14,1000,100,400000,0.001976,3.064855,0.054490,3.121322
1,23,15,1000,100,400000,0.001988,3.069792,0.054527,3.126307
1,23,16,1000,100,400000,0.001954,3.107799,0.054532,3.164285
1,23,17,1000,100,400000,0.002024,3.090662,0.054545,3.147231
1,23,18,1000,100,400000,0.002019,3.085496,0.054457,3.141972
1,23,19,1000,100,400000,0.001994,3.047803,0.054496,3.104293
1,23,20,1000,100,400000,0.002009,3.074149,0.054458,3.130616
1,23,21,1000,100,400000,0.001993,3.075209,0.054469,3.131671
1,23,22,1000,100,400000,0.001950,3.102864,0.054504,3.159318
0,23,0,1000,100,4000000,0.002597,49.827489,0.063754,49.893840
0,23,1,1000,100,4000000,0.002333,46.820066,0.056306,46.878704
0,23,2,1000,100,4000000,0.002257,47.425668,0.056196,47.484122
0,23,3,1000,100,4000000,0.002312,47.118435,0.056163,47.176910
0,23,4,1000,100,4000000,0.002313,46.405130,0.056231,46.463674
0,23,5,1000,100,4000000,0.002300,47.129594,0.056233,47.188127
0,23,6,1000,100,4000000,0.002267,46.582218,0.056355,46.640841
0,23,7,1000,100,4000000,0.002310,46.495579,0.056304,46.554193
0,23,8,1000,100,4000000,0.002358,46.581924,0.056253,46.640535
0,23,9,1000,100,4000000,0.002339,46.553654,0.056163,46.612156
0,23,10,1000,100,4000000,0.002371,47.480356,0.056096,47.538823
0,23,11,1000,100,4000000,0.002353,46.540580,0.056315,46.599249
0,23,12,1000,100,4000000,0.002290,46.960063,0.056273,47.018627
0,23,13,1000,100,4000000,0.002305,47.747316,0.056154,47.805775
0,23,14,1000,100,4000000,0.002336,47.232066,0.056101,47.290503
0,23,15,1000,100,4000000,0.002383,46.542793,0.056272,46.601448
0,23,16,1000,100,4000000,0.002311,47.284012,0.056118,47.342441
0,23,17,1000,100,4000000,0.002279,47.247314,0.056239,47.305832
0,23,18,1000,100,4000000,0.002314,47.127375,0.056190,47.185879
0,23,19,1000,100,4000000,0.002322,46.524343,0.056223,46.582887
0,23,20,1000,100,4000000,0.002333,47.915434,0.056107,47.973874
0,23,21,1000,100,4000000,0.002384,46.833305,0.056366,46.892055
0,23,22,1000,100,4000000,0.002271,46.646871,0.056298,46.705440
1,23,0,1000,100,4000000,0.002565,49.757071,0.063259,49.822895
1,23,1,1000,100,4000000,0.002188,47.074242,0.056229,47.132659
1,23,2,1000,100,4000000,0.002216,47.228857,0.056105,47.287177
1,23,3,1000,100,4000000,0.002191,47.262156,0.056221,47.320568
1,23,4,1000,100,4000000,0.002182,47.362693,0.056211,47.421086
1,23,5,1000,100,4000000,0.002206,46.581264,0.056341,46.639812
1,23,6,1000,100,4000000,0.002226,47.171757,0.056207,47.230191
1,23,7,1000,100,4000000,0.002221,47.672095,0.056164,47.730480
1,23,8,1000,100,4000000,0.002203,47.245768,0.056131,47.304101
1,23,9,1000,100,4000000,0.002211,47.387478,0.056307,47.445996
1,23,10,1000,100,4000000,0.002232,47.058319,0.056202,47.116753
1,23,11,1000,100,4000000,0.002188,47.784692,0.056200,47.843080
1,23,12,1000,100,4000000,0.002218,46.727384,0.056280,46.785883
1,23,13,1000,100,4000000,0.002224,47.407667,0.056108,47.465999
1,23,14,1000,100,4000000,0.002198,47.844922,0.056085,47.903205
1,23,15,1000,100,4000000,0.002191,47.734708,0.056155,47.793054
1,23,16,1000,100,4000000,0.002246,46.978632,0.056315,47.037193
1,23,17,1000,100,4000000,0.002202,46.776258,0.056285,46.834745
1,23,18,1000,100,4000000,0.002248,47.894751,0.056275,47.953274
1,23,19,1000,100,4000000,0.002168,47.332654,0.056202,47.391024
1,23,20,1000,100,4000000,0.002297,47.065973,0.056162,47.124432
1,23,21,1000,100,4000000,0.002233,47.897005,0.056093,47.955331
1,23,22,1000,100,4000000,0.002239,47.193126,0.056235,47.251600
0,23,0,1000,100,40000000,0.003004,655.290304,0.059795,655.353103
0,23,1,1000,100,40000000,0.002816,731.463048,0.057390,731.523254
0,23,2,1000,100,40000000,0.002726,725.772263,0.057265,725.832254
0,23,3,1000,100,40000000,0.002730,722.570274,0.057221,722.630226
0,23,4,1000,100,40000000,0.002818,729.036418,0.057422,729.096658
0,23,5,1000,100,40000000,0.002748,730.236813,0.057248,730.296808
0,23,6,1000,100,40000000,0.002810,723.600219,0.057488,723.660518
0,23,7,1000,100,40000000,0.002794,718.006729,0.057369,718.066891
0,23,8,1000,100,40000000,0.002740,717.682465,0.057307,717.742512
0,23,9,1000,100,40000000,0.002745,726.356406,0.057202,726.416354
0,23,10,1000,100,40000000,0.002737,723.084365,0.057297,723.144399
0,23,11,1000,100,40000000,0.002753,717.786724,0.057533,717.847010
0,23,12,1000,100,40000000,0.002816,727.263055,0.057410,727.323281
0,23,13,1000,100,40000000,0.002694,716.500861,0.057347,716.560902
0,23,14,1000,100,40000000,0.002780,717.574427,0.057232,717.634438
0,23,15,1000,100,40000000,0.002753,711.927902,0.057195,711.987851
0,23,16,1000,100,40000000,0.002718,721.743408,0.057367,721.803493
0,23,17,1000,100,40000000,0.002775,720.043194,0.057339,720.103307
0,23,18,1000,100,40000000,0.002737,732.455681,0.057411,732.515829
0,23,19,1000,100,40000000,0.002721,723.590847,0.057296,723.650864
0,23,20,1000,100,40000000,0.002725,718.532716,0.057335,718.592776
0,23,21,1000,100,40000000,0.002799,725.056577,0.057522,725.116897
0,23,22,1000,100,40000000,0.002810,725.917370,0.057273,725.977454
1,23,0,1000,100,40000000,0.002589,627.353163,0.059451,627.415202
1,23,1,1000,100,40000000,0.002779,678.126462,0.058204,678.187445
1,23,2,1000,100,40000000,0.002719,673.327792,0.058004,673.388516
1,23,3,1000,100,40000000,0.002731,672.325201,0.057958,672.385891
1,23,4,1000,100,40000000,0.002774,674.139370,0.057928,674.200072
1,23,5,1000,100,40000000,0.002718,677.238331,0.058154,677.299204
1,23,6,1000,100,40000000,0.002734,675.753516,0.058240,675.814489
1,23,7,1000,100,40000000,0.002796,674.621490,0.058002,674.682288
1,23,8,1000,100,40000000,0.002704,669.213254,0.058006,669.273964
1,23,9,1000,100,40000000,0.002770,670.592471,0.057886,670.653126
1,23,10,1000,100,40000000,0.002772,670.295884,0.057992,670.356648
1,23,11,1000,100,40000000,0.002740,673.966233,0.058161,674.027134
1,23,12,1000,100,40000000,0.002785,673.725227,0.058177,673.786189
1,23,13,1000,100,40000000,0.002778,671.327579,0.058011,671.388369
1,23,14,1000,100,40000000,0.002713,668.745712,0.058090,668.806514
1,23,15,1000,100,40000000,0.002703,667.336273,0.057898,667.396874
1,23,16,1000,100,40000000,0.002773,671.541146,0.057952,671.601872
1,23,17,1000,100,40000000,0.002719,674.138813,0.058202,674.199734
1,23,18,1000,100,40000000,0.002760,680.124408,0.058279,680.185447
1,23,19,1000,100,40000000,0.002744,672.516393,0.058182,672.577318
1,23,20,1000,100,40000000,0.002696,668.493179,0.057943,668.553819
1,23,21,1000,100,40000000,0.002816,675.658488,0.057978,675.719283
1,23,22,1000,100,40000000,0.002770,673.996353,0.058033,674.057156
0,23,0,1000,100,400000000,0.003102,6246.808944,0.059345,6246.871391
0,23,1,1000,100,400000000,0.002967,6883.389668,0.057821,6883.450456
0,23,2,1000,100,400000000,0.002932,6897.561560,0.057614,6897.622106
0,23,3,1000,100,400000000,0.002935,6921.257611,0.057590,6921.318137
0,23,4,1000,100,400000000,0.002931,6879.684608,0.057619,6879.745158
0,23,5,1000,100,400000000,0.002913,6942.248740,0.057696,6942.309349
0,23,6,1000,100,400000000,0.003006,6992.375081,0.057833,6992.435920
0,23,7,1000,100,400000000,0.002997,6830.065235,0.057777,6830.126009
0,23,8,1000,100,400000000,0.002942,6915.690069,0.057674,6915.750686
0,23,9,1000,100,400000000,0.002918,6871.386060,0.057673,6871.446651
0,23,10,1000,100,400000000,0.002901,6885.386830,0.057685,6885.447416
0,23,11,1000,100,400000000,0.002857,6913.676337,0.057860,6913.737053
0,23,12,1000,100,400000000,0.002936,6921.390660,0.057769,6921.451365
0,23,13,1000,100,400000000,0.002903,6891.210394,0.057834,6891.271132
0,23,14,1000,100,400000000,0.002919,6901.998454,0.057562,6902.058935
0,23,15,1000,100,400000000,0.002956,6980.725550,0.057545,6980.786051
0,23,16,1000,100,400000000,0.002897,6888.876181,0.057813,6888.936891
0,23,17,1000,100,400000000,0.002906,6997.106562,0.057624,6997.167092
0,23,18,1000,100,400000000,0.002886,6991.482311,0.057745,6991.542943
0,23,19,1000,100,400000000,0.002917,6997.204005,0.057693,6997.264615
0,23,20,1000,100,400000000,0.002958,6937.976255,0.057595,6938.036808
0,23,21,1000,100,400000000,0.002980,6894.306342,0.057684,6894.367006
0,23,22,1000,100,400000000,0.002909,6934.973717,0.057773,6935.034399
1,23,0,1000,100,400000000,0.002672,6027.124066,0.059603,6027.186341
1,23,1,1000,100,400000000,0.002914,6479.281203,0.058443,6479.342560
1,23,2,1000,100,400000000,0.002810,6465.197669,0.058212,6465.258690
1,23,3,1000,100,400000000,0.002887,6482.074987,0.058274,6482.136148
1,23,4,1000,100,400000000,0.002890,6464.924524,0.058333,6464.985747
1,23,5,1000,100,400000000,0.002808,6510.117820,0.058615,6510.179242
1,23,6,1000,100,400000000,0.002913,6520.253291,0.058621,6520.314824
1,23,7,1000,100,400000000,0.002866,6436.896890,0.058407,6436.958163
1,23,8,1000,100,400000000,0.002829,6477.792008,0.058374,6477.853211
1,23,9,1000,100,400000000,0.002910,6485.465716,0.058194,6485.526821
1,23,10,1000,100,400000000,0.002849,6421.571264,0.058348,6421.632461
1,23,11,1000,100,400000000,0.002809,6466.593822,0.058355,6466.654986
1,23,12,1000,100,400000000,0.002933,6503.008933,0.058500,6503.070366
1,23,13,1000,100,400000000,0.002885,6470.629624,0.058316,6470.690825
1,23,14,1000,100,400000000,0.002912,6467.947765,0.058240,6468.008917
1,23,15,1000,100,400000000,0.002880,6478.596511,0.058289,6478.657679
1,23,16,1000,100,400000000,0.002870,6425.624423,0.058283,6425.685575
1,23,17,1000,100,400000000,0.002915,6541.964453,0.058560,6542.025929
1,23,18,1000,100,400000000,0.002916,6540.158454,0.058554,6540.219923
1,23,19,1000,100,400000000,0.002945,6466.481570,0.058378,6466.542893
1,23,20,1000,100,400000000,0.002926,6449.789212,0.058323,6449.850462
1,23,21,1000,100,400000000,0.002911,6479.529744,0.058354,6479.591009
1,23,22,1000,100,400000000,0.002868,6495.336222,0.058437,6495.397527
0,23,0,1000,1000,4,0.002083,0.010798,0.056090,0.068971
0,23,1,1000,1000,4,0.001968,0.009767,0.054475,0.066210
0,23,2,1000,1000,4,0.001937,0.009603,0.054515,0.066055
0,23,3,1000,1000,4,0.001842,0.009866,0.054539,0.066247
0,23,4,1000,1000,4,0.001921,0.009615,0.054484,0.066019
0,23,5,1000,1000,4,0.001914,0.009632,0.054515,0.066061
0,23,6,1000,1000,4,0.001963,0.009742,0.054533,0.066238
0,23,7,1000,1000,4,0.001886,0.009254,0.054533,0.065672
0,23,8,1000,1000,4,0.001895,0.009546,0.054509,0.065950
0,23,9,1000,1000,4,0.001894,0.009047,0.054498,0.065440
0,23,10,1000,1000,4,0.001907,0.009447,0.054512,0.065866
0,23,11,1000,1000,4,0.001910,0.009523,0.054534,0.065967
0,23,12,1000,1000,4,0.001981,0.009753,0.054499,0.066233
0,23,13,1000,1000,4,0.002030,0.009935,0.054552,0.066517
0,23,14,1000,1000,4,0.001991,0.009940,0.054524,0.066455
0,23,15,1000,1000,4,0.002010,0.009812,0.054541,0.066363
0,23,16,1000,1000,4,0.002008,0.009831,0.054502,0.066341
0,23,17,1000,1000,4,0.002015,0.010021,0.054524,0.066560
0,23,18,1000,1000,4,0.002023,0.009927,0.054566,0.066515
0,23,19,1000,1000,4,0.002003,0.009623,0.054498,0.066124
0,23,20,1000,1000,4,0.002023,0.009944,0.054518,0.066485
0,23,21,1000,1000,4,0.001997,0.009649,0.054531,0.066177
0,23,22,1000,1000,4,0.001975,0.010036,0.054513,0.066523
1,23,0,1000,1000,4,0.002012,0.012036,0.056342,0.070389
1,23,1,1000,1000,4,0.001827,0.011247,0.054462,0.067536
1,23,2,1000,1000,4,0.001781,0.011125,0.054465,0.067372
1,23,3,1000,1000,4,0.001820,0.010094,0.054503,0.066416
1,23,4,1000,1000,4,0.001825,0.011249,0.054516,0.067590
1,23,5,1000,1000,4,0.001797,0.011040,0.054533,0.067370
1,23,6,1000,1000,4,0.001822,0.011407,0.054567,0.067797
1,23,7,1000,1000,4,0.001788,0.010502,0.054500,0.066791
1,23,8,1000,1000,4,0.001811,0.010923,0.054520,0.067254
1,23,9,1000,1000,4,0.001782,0.010461,0.054491,0.066733
1,23,10,1000,1000,4,0.001813,0.011079,0.054583,0.067475
1,23,11,1000,1000,4,0.001726,0.011017,0.054551,0.067293
1,23,12,1000,1000,4,0.001837,0.010717,0.054516,0.067071
1,23,13,1000,1000,4,0.001820,0.011041,0.054531,0.067392
1,23,14,1000,1000,4,0.001782,0.010825,0.054538,0.067145
1,23,15,1000,1000,4,0.001814,0.010612,0.054564,0.066990
1,23,16,1000,1000,4,0.001752,0.010892,0.054552,0.067196
1,23,17,1000,1000,4,0.001806,0.010681,0.054612,0.067099
1,23,18,1000,1000,4,0.001793,0.011138,0.054501,0.067432
1,23,19,1000,1000,4,0.001831,0.011330,0.054552,0.067713
1,23,20,1000,1000,4,0.001795,0.011302,0.054471,0.067568
1,23,21,1000,1000,4,0.001833,0.011190,0.054513,0.067535
1,23,22,1000,1000,4,0.001799,0.010357,0.054537,0.066694
0,23,0,1000,1000,400,0.001967,0.011785,0.056078,0.069830
0,23,1,1000,1000,400,0.001834,0.011117,0.054582,0.067533
0,23,2,1000,1000,400,0.001874,0.010675,0.054557,0.067106
0,23,3,1000,1000,400,0.001811,0.010750,0.054596,0.067158
0,23,4,1000,1000,400,0.001780,0.010012,0.054560,0.066352
0,23,5,1000,1000,400,0.001779,0.010888,0.054593,0.067261
0,23,6,1000,1000,400,0.001848,0.011050,0.054571,0.067470
0,23,7,1000,1000,400,0.001886,0.011106,0.054574,0.067566
0,23,8,1000,1000,400,0.001831,0.010956,0.054553,0.067339
0,23,9,1000,1000,400,0.001809,0.010048,0.054549,0.066406
0,23,10,1000,1000,400,0.001878,0.011112,0.054589,0.067579
0,23,11,1000,1000,400,0.001854,0.010849,0.054614,0.067317
0,23,12,1000,1000,400,0.001858,0.011125,0.054507,0.067490
0,23,13,1000,1000,400,0.001799,0.010640,0.054603,0.067042
0,23,14,1000,1000,400,0.001846,0.010616,0.054552,0.067014
0,23,15,1000,1000,400,0.001859,0.010947,0.054594,0.067400
0,23,16,1000,1000,400,0.001857,0.011190,0.054578,0.067626
0,23,17,1000,1000,400,0.001871,0.010533,0.054595,0.066999
0,23,18,1000,1000,400,0.001874,0.010473,0.054590,0.066937
0,23,19,1000,1000,400,0.001837,0.010759,0.054571,0.067167
0,23,20,1000,1000,400,0.001806,0.011089,0.054579,0.067474
0,23,21,1000,1000,400,0.001815,0.010341,0.054605,0.066761
0,23,22,1000,1000,400,0.001833,0.010872,0.054566,0.067270
1,23,0,1000,1000,400,0.002068,0.010911,0.056483,0.069462
1,23,1,1000,1000,400,0.001860,0.010021,0.054568,0.066450
1,23,2,1000,1000,400,0.001844,0.010361,0.054593,0.066798
1,23,3,1000,1000,400,0.001824,0.009779,0.054615,0.066217
1,23,4,1000,1000,400,0.001794,0.009844,0.054579,0.066216
1,23,5,1000,1000,400,0.001861,0.010026,0.054645,0.066533
1,23,6,1000,1000,400,0.001872,0.010264,0.054631,0.066767
1,23,7,1000,1000,400,0.001926,0.010202,0.054607,0.066735
1,23,8,1000,1000,400,0.001862,0.009799,0.054575,0.066235
1,23,9,1000,1000,400,0.001793,0.010207,0.054565,0.066564
1,23,10,1000,1000,400,0.001869,0.009668,0.054615,0.066153
1,23,11,1000,1000,400,0.001873,0.009904,0.054648,0.066425
1,23,12,1000,1000,400,0.001909,0.010337,0.054621,0.066868
1,23,13,1000,1000,400,0.001851,0.009344,0.054577,0.065772
1,23,14,1000,1000,400,0.001906,0.009974,0.054597,0.066477
1,23,15,1000,1000,400,0.001891,0.010133,0.054563,0.066588
1,23,16,1000,1000,400,0.001905,0.010099,0.054641,0.066644
1,23,17,1000,1000,400,0.001858,0.010201,0.054602,0.066661
1,23,18,1000,1000,400,0.001865,0.010248,0.054604,0.066717
1,23,19,1000,1000,400,0.001857,0.010319,0.054598,0.066774
1,23,20,1000,1000,400,0.001915,0.009944,0.054620,0.066479
1,23,21,1000,1000,400,0.001840,0.009514,0.054591,0.065945
1,23,22,1000,1000,400,0.001914,0.010218,0.054656,0.066788
0,23,0,1000,1000,4000,0.002050,0.014955,0.056473,0.073478
0,23,1,1000,1000,4000,0.001830,0.014136,0.054612,0.070579
0,23,2,1000,1000,4000,0.001939,0.014188,0.054630,0.070757
0,23,3,1000,1000,4000,0.001989,0.013693,0.054712,0.070394
0,23,4,1000,1000,4000,0.001926,0.014239,0.054629,0.070794
0,23,5,1000,1000,4000,0.001974,0.014172,0.054657,0.070803
0,23,6,1000,1000,4000,0.001976,0.014030,0.054706,0.070712
0,23,7,1000,1000,4000,0.001876,0.013388,0.054620,0.069884
0,23,8,1000,1000,4000,0.001916,0.014268,0.054626,0.070810
0,23,9,1000,1000,4000,0.001936,0.014149,0.054598,0.070682
0,23,10,1000,1000,4000,0.001924,0.012840,0.054613,0.069377
0,23,11,1000,1000,4000,0.001982,0.013205,0.054709,0.069897
0,23,12,1000,1000,4000,0.001983,0.014032,0.054648,0.070663
0,23,13,1000,1000,4000,0.002000,0.014576,0.054720,0.071296
0,23,14,1000,1000,4000,0.002028,0.013360,0.054688,0.070076
0,23,15,1000,1000,4000,0.002002,0.014533,0.054655,0.071190
0,23,16,1000,1000,4000,0.001957,0.014098,0.054678,0.070733
0,23,17,1000,1000,4000,0.001997,0.014247,0.054649,0.070893
0,23,18,1000,1000,4000,0.002005,0.014586,0.054691,0.071282
0,23,19,1000,1000,4000,0.001935,0.013950,0.054651,0.070537
0,23,20,1000,1000,4000,0.001980,0.014037,0.054690,0.070707
0,23,21,1000,1000,4000,0.001979,0.013799,0.054640,0.070418
0,23,22,1000,1000,4000,0.001982,0.013960,0.054597,0.070540
1,23,0,1000,1000,4000,0.002266,0.014231,0.056518,0.073015
1,23,1,1000,1000,4000,0.001999,0.016351,0.054630,0.072980
1,23,2,1000,1000,4000,0.001969,0.016305,0.054717,0.072991
1,23,3,1000,1000,4000,0.001968,0.016951,0.054699,0.073618
1,23,4,1000,1000,4000,0.001973,0.016757,0.054686,0.073416
1,23,5,1000,1000,4000,0.002021,0.016665,0.054762,0.073447
1,23,6,1000,1000,4000,0.001958,0.016142,0.054726,0.072826
1,23,7,1000,1000,4000,0.001938,0.016199,0.054716,0.072853
1,23,8,1000,1000,4000,0.002003,0.016442,0.054701,0.073146
1,23,9,1000,1000,4000,0.001980,0.016494,0.054687,0.073162
1,23,10,1000,1000,4000,0.001882,0.016896,0.054713,0.073491
1,23,11,1000,1000,4000,0.001904,0.016370,0.054810,0.073085
1,23,12,1000,1000,4000,0.002035,0.016323,0.054740,0.073097
1,23,13,1000,1000,4000,0.002093,0.016012,0.054723,0.072827
1,23,14,1000,1000,4000,0.001972,0.016361,0.054699,0.073033
1,23,15,1000,1000,4000,0.002047,0.016177,0.054706,0.072930
1,23,16,1000,1000,4000,0.002005,0.015926,0.054750,0.072681
1,23,17,1000,1000,4000,0.002027,0.016357,0.054749,0.073133
1,23,18,1000,1000,4000,0.002019,0.016061,0.054769,0.072849
1,23,19,1000,1000,4000,0.002040,0.015689,0.054726,0.072454
1,23,20,1000,1000,4000,0.001976,0.016289,0.054781,0.073046
1,23,21,1000,1000,4000,0.002003,0.016217,0.054726,0.072946
1,23,22,1000,1000,4000,0.002009,0.016192,0.054809,0.073010
0,23,0,1000,1000,40000,0.002747,0.389264,0.060072,0.452083
0,23,1,1000,1000,40000,0.002337,0.349895,0.055036,0.407268
0,23,2,1000,1000,40000,0.002428,0.353486,0.055006,0.410920
0,23,3,1000,1000,40000,0.002443,0.348231,0.055059,0.405733
0,23,4,1000,1000,40000,0.002459,0.355406,0.055014,0.412879
0,23,5,1000,1000,40000,0.002403,0.351021,0.055025,0.408448
0,23,6,1000,1000,40000,0.002425,0.349750,0.055143,0.407318
0,23,7,1000,1000,40000,0.002387,0.343366,0.055050,0.400803
0,23,8,1000,1000,40000,0.002432,0.356298,0.055093,0.413824
0,23,9,1000,1000,40000,0.002389,0.351037,0.054941,0.408368
0,23,10,1000,1000,40000,0.002416,0.351744,0.055035,0.409195
0,23,11,1000,1000,40000,0.002427,0.344689,0.055137,0.402252
0,23,12,1000,1000,40000,0.002484,0.360443,0.055066,0.417993
0,23,13,1000,1000,40000,0.002450,0.360594,0.055155,0.418199
0,23,14,1000,1000,40000,0.002402,0.364718,0.054961,0.422081
0,23,15,1000,1000,40000,0.002532,0.359665,0.055117,0.417315
0,23,16,1000,1000,40000,0.002513,0.356518,0.055032,0.414063
0,23,17,1000,1000,40000,0.002498,0.360788,0.055059,0.418345
0,23,18,1000,1000,40000,0.002508,0.358075,0.055142,0.415725
0,23,19,1000,1000,40000,0.002479,0.353586,0.055017,0.411082
0,23,20,1000,1000,40000,0.002436,0.358438,0.055010,0.415883
0,23,21,1000,1000,40000,0.002497,0.359584,0.055013,0.417094
0,23,22,1000,1000,40000,0.002491,0.355485,0.055100,0.413076
1,23,0,1000,1000,40000,0.002868,0.386489,0.060225,0.449581
1,23,1,1000,1000,40000,0.002508,0.346824,0.054828,0.404161
1,23,2,1000,1000,40000,0.002512,0.356274,0.054945,0.413731
1,23,3,1000,1000,40000,0.002394,0.348865,0.054877,0.406137
1,23,4,1000,1000,40000,0.002487,0.355510,0.054881,0.412878
1,23,5,1000,1000,40000,0.002488,0.350951,0.054990,0.408429
1,23,6,1000,1000,40000,0.002472,0.348736,0.054958,0.406166
1,23,7,1000,1000,40000,0.002459,0.344311,0.054919,0.401689
1,23,8,1000,1000,40000,0.002485,0.354475,0.054948,0.411907
1,23,9,1000,1000,40000,0.002462,0.349329,0.054923,0.406713
1,23,10,1000,1000,40000,0.002465,0.354762,0.054995,0.412222
1,23,11,1000,1000,40000,0.002437,0.349035,0.054987,0.406458
1,23,12,1000,1000,40000,0.002607,0.356939,0.054965,0.414511
1,23,13,1000,1000,40000,0.002593,0.354382,0.054879,0.411854
1,23,14,1000,1000,40000,0.002583,0.354747,0.054998,0.412328
1,23,15,1000,1000,40000,0.002531,0.356832,0.055024,0.414387
1,23,16,1000,1000,40000,0.002555,0.358412,0.055015,0.415982
1,23,17,1000,1000,40000,0.002575,0.358219,0.054991,0.415786
1,23,18,1000,1000,40000,0.002573,0.355616,0.054935,0.413124
1,23,19,1000,1000,40000,0.002531,0.354681,0.054940,0.412152
1,23,20,1000,1000,40000,0.002537,0.355041,0.054882,0.412461
1,23,21,1000,1000,40000,0.002572,0.354622,0.054952,0.412147
1,23,22,1000,1000,40000,0.002528,0.354961,0.055006,0.412495
0,23,0,1000,1000,400000,0.002212,3.471228,0.061194,3.534634
0,23,1,1000,1000,400000,0.001999,3.111637,0.055476,3.169112
0,23,2,1000,1000,400000,0.001973,3.065890,0.055445,3.123308
0,23,3,1000,1000,400000,0.001982,3.031836,0.055410,3.089228
0,23,4,1000,1000,400000,0.001933,3.058253,0.055331,3.115516
0,23,5,1000,1000,400000,0.001937,3.051163,0.055450,3.108550
0,23,6,1000,1000,400000,0.001978,3.098371,0.055418,3.155767
0,23,7,1000,1000,400000,0.001967,3.119824,0.055409,3.177200
0,23,8,1000,1000,400000,0.001902,3.016183,0.055363,3.073449
0,23,9,1000,1000,400000,0.001968,3.106963,0.055384,3.164315
0,23,10,1000,1000,400000,0.001941,3.077886,0.055369,3.135196
0,23,11,1000,1000,400000,0.001944,3.060570,0.055412,3.117926
0,23,12,1000,1000,400000,0.001933,3.189278,0.055450,3.246661
0,23,13,1000,1000,400000,0.002013,3.093114,0.055432,3.150558
0,23,14,1000,1000,400000,0.001997,3.093064,0.055354,3.150415
0,23,15,1000,1000,400000,0.001971,3.107935,0.055458,3.165364
0,23,16,1000,1000,400000,0.001965,3.123655,0.055328,3.180948
0,23,17,1000,1000,400000,0.001974,3.100150,0.055408,3.157532
0,23,18,1000,1000,400000,0.001982,3.093982,0.055429,3.151394
0,23,19,1000,1000,400000,0.001995,3.108290,0.055372,3.165657
0,23,20,1000,1000,400000,0.002001,3.128343,0.055411,3.185755
0,23,21,1000,1000,400000,0.001981,3.087038,0.055403,3.144422
0,23,22,1000,1000,400000,0.002000,3.142844,0.055385,3.200229
1,23,0,1000,1000,400000,0.002176,3.410544,0.061318,3.474038
1,23,1,1000,1000,400000,0.001899,3.049243,0.055269,3.106410
1,23,2,1000,1000,400000,0.001914,3.099151,0.055319,3.156384
1,23,3,1000,1000,400000,0.001870,3.031467,0.055317,3.088655
1,23,4,1000,1000,400000,0.001879,3.017163,0.055345,3.074386
1,23,5,1000,1000,400000,0.001858,3.051045,0.055381,3.108283
1,23,6,1000,1000,400000,0.001863,3.075433,0.055339,3.132634
1,23,7,1000,1000,400000,0.001910,3.043810,0.055352,3.101072
1,23,8,1000,1000,400000,0.001858,2.989193,0.055297,3.046347
1,23,9,1000,1000,400000,0.001920,3.038656,0.055314,3.095889
1,23,10,1000,1000,400000,0.001893,3.055631,0.055335,3.112858
1,23,11,1000,1000,400000,0.001901,3.057611,0.055400,3.114912
1,23,12,1000,1000,400000,0.001994,3.101880,0.055383,3.159257
1,23,13,1000,1000,400000,0.001929,3.106604,0.055337,3.163870
1,23,14,1000,1000,400000,0.001886,3.069119,0.055317,3.126321
1,23,15,1000,1000,400000,0.001945,3.079477,0.055347,3.136769
1,23,16,1000,1000,400000,0.001965,3.063976,0.055425,3.121366
1,23,17,1000,1000,400000,0.001944,3.068436,0.055364,3.125744
1,23,18,1000,1000,400000,0.001923,3.055857,0.055411,3.113191
1,23,19,1000,1000,400000,0.001931,3.042271,0.055378,3.099579
1,23,20,1000,1000,400000,0.001923,3.065372,0.055390,3.122684
1,23,21,1000,1000,400000,0.001912,3.055168,0.055331,3.112411
1,23,22,1000,1000,400000,0.001885,3.060181,0.055414,3.117480
0,23,0,1000,1000,4000000,0.002635,49.483757,0.064394,49.550785
0,23,1,1000,1000,4000000,0.002339,46.761396,0.056999,46.820734
0,23,2,1000,1000,4000000,0.002345,46.603166,0.056776,46.662287
0,23,3,1000,1000,4000000,0.002300,47.382999,0.056782,47.442082
0,23,4,1000,1000,4000000,0.002297,47.284854,0.056729,47.343880
0,23,5,1000,1000,4000000,0.002354,47.225980,0.056806,47.285140
0,23,6,1000,1000,4000000,0.002339,47.547887,0.056820,47.607047
0,23,7,1000,1000,4000000,0.002367,47.213558,0.056706,47.272630
0,23,8,1000,1000,4000000,0.002391,47.308889,0.056671,47.367951
0,23,9,1000,1000,4000000,0.002274,47.320451,0.056802,47.379527
0,23,10,1000,1000,4000000,0.002377,47.167686,0.056940,47.227003
0,23,11,1000,1000,4000000,0.002330,47.577035,0.056935,47.636300
0,23,12,1000,1000,4000000,0.002405,46.900036,0.056832,46.959273
0,23,13,1000,1000,4000000,0.002357,46.851017,0.056835,46.910208
0,23,14,1000,1000,4000000,0.002353,47.320076,0.056709,47.379138
0,23,15,1000,1000,4000000,0.002334,47.181182,0.056820,47.240335
0,23,16,1000,1000,4000000,0.002322,47.563581,0.056724,47.622627
0,23,17,1000,1000,4000000,0.002321,47.455018,0.056780,47.514119
0,23,18,1000,1000,4000000,0.002321,47.483596,0.056888,47.542805
0,23,19,1000,1000,4000000,0.002383,46.661775,0.056752,46.720909
0,23,20,1000,1000,4000000,0.002377,46.914966,0.056810,46.974153
0,23,21,1000,1000,4000000,0.002403,46.967161,0.056945,47.026509
0,23,22,1000,1000,4000000,0.002398,47.324103,0.056794,47.383295
1,23,0,1000,1000,4000000,0.002625,50.059418,0.064682,50.126726
1,23,1,1000,1000,4000000,0.002327,47.504969,0.056885,47.564181
1,23,2,1000,1000,4000000,0.002210,47.264105,0.056969,47.323284
1,23,3,1000,1000,4000000,0.002259,47.014327,0.056947,47.073532
1,23,4,1000,1000,4000000,0.002260,47.030353,0.057039,47.089653
1,23,5,1000,1000,4000000,0.002339,46.890126,0.057007,46.949472
1,23,6,1000,1000,4000000,0.002330,46.948676,0.056943,47.007950
1,23,7,1000,1000,4000000,0.002348,46.615127,0.056988,46.674463
1,23,8,1000,1000,4000000,0.002329,47.024494,0.056952,47.083776
1,23,9,1000,1000,4000000,0.002306,46.763038,0.056901,46.822245
1,23,10,1000,1000,4000000,0.002320,47.557689,0.056934,47.616944
1,23,11,1000,1000,4000000,0.002343,47.305523,0.057115,47.364981
1,23,12,1000,1000,4000000,0.002247,47.860383,0.056883,47.919512
1,23,13,1000,1000,4000000,0.002282,46.996166,0.056907,47.055356
1,23,14,1000,1000,4000000,0.002270,47.118771,0.056881,47.177922
1,23,15,1000,1000,4000000,0.002254,46.925160,0.056901,46.984315
1,23,16,1000,1000,4000000,0.002309,46.980123,0.057058,47.039489
1,23,17,1000,1000,4000000,0.002352,47.003834,0.057010,47.063196
1,23,18,1000,1000,4000000,0.002342,46.842788,0.057012,46.902142
1,23,19,1000,1000,4000000,0.002263,47.357199,0.056933,47.416395
1,23,20,1000,1000,4000000,0.002323,47.444031,0.056856,47.503210
1,23,21,1000,1000,4000000,0.002307,47.378978,0.056887,47.438172
1,23,22,1000,1000,4000000,0.002273,46.803637,0.056988,46.862897
0,23,0,1000,1000,40000000,0.002908,619.506995,0.060539,619.570442
0,23,1,1000,1000,40000000,0.002745,731.381799,0.058135,731.442680
0,23,2,1000,1000,40000000,0.002715,729.091520,0.057995,729.152230
0,23,3,1000,1000,40000000,0.002685,720.961347,0.058201,721.022234
0,23,4,1000,1000,40000000,0.002627,728.321715,0.058095,728.382436
0,23,5,1000,1000,40000000,0.002658,734.952736,0.058127,735.013521
0,23,6,1000,1000,40000000,0.002743,735.210832,0.058205,735.271780
0,23,7,1000,1000,40000000,0.002737,722.430322,0.058068,722.491128
0,23,8,1000,1000,40000000,0.002731,716.340512,0.058034,716.401278
0,23,9,1000,1000,40000000,0.002733,722.983542,0.057964,723.044240
0,23,10,1000,1000,40000000,0.002701,724.836375,0.058099,724.897175
0,23,11,1000,1000,40000000,0.002690,735.248511,0.058204,735.309405
0,23,12,1000,1000,40000000,0.002780,733.275827,0.058132,733.336740
0,23,13,1000,1000,40000000,0.002714,724.292603,0.057820,724.353137
0,23,14,1000,1000,40000000,0.002639,715.187883,0.057971,715.248492
0,23,15,1000,1000,40000000,0.002601,724.158612,0.058048,724.219260
0,23,16,1000,1000,40000000,0.002704,725.737759,0.058089,725.798552
0,23,17,1000,1000,40000000,0.002663,727.041037,0.058179,727.101879
0,23,18,1000,1000,40000000,0.002702,738.284497,0.058028,738.345227
0,23,19,1000,1000,40000000,0.002736,729.654243,0.057957,729.714935
0,23,20,1000,1000,40000000,0.002678,719.131378,0.058122,719.192177
0,23,21,1000,1000,40000000,0.002770,726.126384,0.058237,726.187391
0,23,22,1000,1000,40000000,0.002660,731.849904,0.058065,731.910629
1,23,0,1000,1000,40000000,0.002295,613.494689,0.060458,613.557442
1,23,1,1000,1000,40000000,0.002651,674.970174,0.059176,675.032001
1,23,2,1000,1000,40000000,0.002660,675.333741,0.058925,675.395326
1,23,3,1000,1000,40000000,0.002645,675.219129,0.058965,675.280738
1,23,4,1000,1000,40000000,0.002687,680.198173,0.059098,680.259958
1,23,5,1000,1000,40000000,0.002643,684.105949,0.059065,684.167657
1,23,6,1000,1000,40000000,0.002618,681.370055,0.059305,681.431978
1,23,7,1000,1000,40000000,0.002652,676.664497,0.059017,676.726165
1,23,8,1000,1000,40000000,0.002572,669.117900,0.058901,669.179373
1,23,9,1000,1000,40000000,0.002579,671.839548,0.059005,671.901131
1,23,10,1000,1000,40000000,0.002627,673.579790,0.059094,673.641510
1,23,11,1000,1000,40000000,0.002601,681.531611,0.059117,681.593328
1,23,12,1000,1000,40000000,0.002636,678.662645,0.059243,678.724525
1,23,13,1000,1000,40000000,0.002663,674.815030,0.058980,674.876674
1,23,14,1000,1000,40000000,0.002650,674.302184,0.058952,674.363786
1,23,15,1000,1000,40000000,0.002646,670.853391,0.059054,670.915091
1,23,16,1000,1000,40000000,0.002642,671.844647,0.059001,671.906291
1,23,17,1000,1000,40000000,0.002620,680.344775,0.059087,680.406482
1,23,18,1000,1000,40000000,0.002634,685.526672,0.059060,685.588366
1,23,19,1000,1000,40000000,0.002610,677.513399,0.059051,677.575061
1,23,20,1000,1000,40000000,0.002672,674.246158,0.059115,674.307944
1,23,21,1000,1000,40000000,0.002661,676.127141,0.059023,676.188825
1,23,22,1000,1000,40000000,0.002669,676.572988,0.059160,676.634817
0,23,0,1000,1000,400000000,0.002998,6309.922535,0.060329,6309.985862
0,23,1,1000,1000,400000000,0.002891,6875.004525,0.058935,6875.066351
0,23,2,1000,1000,400000000,0.002914,6800.401329,0.058667,6800.462910
0,23,3,1000,1000,400000000,0.002885,6771.652853,0.058898,6771.714636
0,23,4,1000,1000,400000000,0.002898,6855.619157,0.058735,6855.680790
0,23,5,1000,1000,400000000,0.002935,6734.635689,0.058955,6734.697579
0,23,6,1000,1000,400000000,0.002984,6823.826304,0.058930,6823.888219
0,23,7,1000,1000,400000000,0.002844,6797.587888,0.058933,6797.649666
0,23,8,1000,1000,400000000,0.002921,6767.731516,0.058739,6767.793176
0,23,9,1000,1000,400000000,0.002922,6820.336992,0.058754,6820.398668
0,23,10,1000,1000,400000000,0.002952,6793.619495,0.058943,6793.681390
0,23,11,1000,1000,400000000,0.002917,6788.309297,0.059111,6788.371325
0,23,12,1000,1000,400000000,0.002957,6841.668840,0.058927,6841.730723
0,23,13,1000,1000,400000000,0.002892,6824.364766,0.058775,6824.426433
0,23,14,1000,1000,400000000,0.002889,6811.714210,0.058813,6811.775913
0,23,15,1000,1000,400000000,0.002970,6866.322054,0.058753,6866.383778
0,23,16,1000,1000,400000000,0.002959,6795.887376,0.058971,6795.949306
0,23,17,1000,1000,400000000,0.002890,6801.618677,0.058814,6801.680381
0,23,18,1000,1000,400000000,0.002842,6826.586458,0.058934,6826.648234
0,23,19,1000,1000,400000000,0.002933,6775.610981,0.058923,6775.672837
0,23,20,1000,1000,400000000,0.002959,6810.197167,0.058874,6810.259000
0,23,21,1000,1000,400000000,0.002989,6811.034975,0.058896,6811.096860
0,23,22,1000,1000,400000000,0.002956,6847.322149,0.058816,6847.383921
1,23,0,1000,1000,400000000,0.002714,6155.839692,0.060370,6155.902775
1,23,1,1000,1000,400000000,0.002822,6470.272928,0.059235,6470.334986
1,23,2,1000,1000,400000000,0.002850,6458.772515,0.059005,6458.834370
1,23,3,1000,1000,400000000,0.002789,6429.912714,0.059283,6429.974786
1,23,4,1000,1000,400000000,0.002776,6474.239936,0.059125,6474.301837
1,23,5,1000,1000,400000000,0.002771,6489.989841,0.059313,6490.051925
1,23,6,1000,1000,400000000,0.002835,6533.491338,0.059368,6533.553541
1,23,7,1000,1000,400000000,0.002842,6476.726017,0.059298,6476.788156
1,23,8,1000,1000,400000000,0.002764,6435.516849,0.059112,6435.578725
1,23,9,1000,1000,400000000,0.002806,6419.912600,0.059003,6419.974408
1,23,10,1000,1000,400000000,0.002867,6449.307029,0.059105,6449.369002
1,23,11,1000,1000,400000000,0.002830,6467.987695,0.059247,6468.049773
1,23,12,1000,1000,400000000,0.002794,6453.360300,0.059291,6453.422385
1,23,13,1000,1000,400000000,0.002853,6435.329530,0.059167,6435.391551
1,23,14,1000,1000,400000000,0.002885,6440.837472,0.059087,6440.899444
1,23,15,1000,1000,400000000,0.002929,6481.370940,0.059107,6481.432977
1,23,16,1000,1000,400000000,0.002873,6462.676839,0.059155,6462.738867
1,23,17,1000,1000,400000000,0.002730,6449.959214,0.059353,6450.021297
1,23,18,1000,1000,400000000,0.002824,6503.080536,0.059297,6503.142657
1,23,19,1000,1000,400000000,0.002858,6428.222091,0.059255,6428.284205
1,23,20,1000,1000,400000000,0.002860,6459.612078,0.059161,6459.674100
1,23,21,1000,1000,400000000,0.002833,6415.822243,0.058919,6415.883994
1,23,22,1000,1000,400000000,0.002826,6452.509837,0.059243,6452.571906
0,23,0,1000,10000,4,0.001997,0.012289,0.065277,0.079563
0,23,1,1000,10000,4,0.001848,0.011060,0.063691,0.076599
0,23,2,1000,10000,4,0.001907,0.010711,0.063680,0.076297
0,23,3,1000,10000,4,0.001880,0.010853,0.063697,0.076431
0,23,4,1000,10000,4,0.001879,0.010745,0.063656,0.076279
0,23,5,1000,10000,4,0.001858,0.010810,0.063674,0.076342
0,23,6,1000,10000,4,0.001856,0.010950,0.063695,0.076501
0,23,7,1000,10000,4,0.001854,0.010925,0.063666,0.076445
0,23,8,1000,10000,4,0.001879,0.010698,0.063679,0.076256
0,23,9,1000,10000,4,0.001866,0.010542,0.063669,0.076077
0,23,10,1000,10000,4,0.001859,0.011003,0.063654,0.076515
0,23,11,1000,10000,4,0.001892,0.010795,0.063717,0.076404
0,23,12,1000,10000,4,0.001838,0.010726,0.063661,0.076225
0,23,13,1000,10000,4,0.001895,0.011101,0.063730,0.076725
0,23,14,1000,10000,4,0.001907,0.011201,0.063679,0.076787
0,23,15,1000,10000,4,0.001912,0.010513,0.063697,0.076121
0,23,16,1000,10000,4,0.001813,0.010798,0.063673,0.076284
0,23,17,1000,10000,4,0.001859,0.010943,0.063667,0.076468
0,23,18,1000,10000,4,0.001897,0.011105,0.063726,0.076728
0,23,19,1000,10000,4,0.001878,0.010818,0.063643,0.076339
0,23,20,1000,10000,4,0.001837,0.011060,0.063661,0.076558
0,23,21,1000,10000,4,0.001921,0.010802,0.063669,0.076392
0,23,22,1000,10000,4,0.001887,0.011020,0.063650,0.076557
1,23,0,1000,10000,4,0.002144,0.010366,0.065521,0.078031
1,23,1,1000,10000,4,0.001939,0.009598,0.063490,0.075027
1,23,2,1000,10000,4,0.001846,0.009763,0.063576,0.075185
1,23,3,1000,10000,4,0.001898,0.009671,0.063590,0.075158
1,23,4,1000,10000,4,0.001902,0.009569,0.063563,0.075034
1,23,5,1000,10000,4,0.001899,0.009590,0.063661,0.075150
1,23,6,1000,10000,4,0.001949,0.009924,0.063659,0.075533
1,23,7,1000,10000,4,0.001877,0.009668,0.063638,0.075183
1,23,8,1000,10000,4,0.001838,0.009686,0.063556,0.075080
1,23,9,1000,10000,4,0.001885,0.009455,0.063594,0.074934
1,23,10,1000,10000,4,0.001890,0.009523,0.063650,0.075063
1,23,11,1000,10000,4,0.001910,0.009420,0.063540,0.074870
1,23,12,1000,10000,4,0.001843,0.009389,0.063618,0.074850
1,23,13,1000,10000,4,0.001889,0.009710,0.063630,0.075228
1,23,14,1000,10000,4,0.001888,0.009619,0.063602,0.075108
1,23,15,1000,10000,4,0.001855,0.009532,0.063630,0.075018
1,23,16,1000,10000,4,0.001891,0.009508,0.063669,0.075068
1,23,17,1000,10000,4,0.001841,0.009687,0.063675,0.075202
1,23,18,1000,10000,4,0.001916,0.009671,0.063628,0.075215
1,23,19,1000,10000,4,0.001909,0.009777,0.063673,0.075359
1,23,20,1000,10000,4,0.001878,0.009606,0.063624,0.075108
1,23,21,1000,10000,4,0.001868,0.009515,0.063607,0.074989
1,23,22,1000,10000,4,0.001936,0.009510,0.063637,0.075082
0,23,0,1000,10000,400,0.002003,0.011124,0.065351,0.078479
0,23,1,1000,10000,400,0.001851,0.009687,0.063612,0.075150
0,23,2,1000,10000,400,0.001850,0.009583,0.063642,0.075074
0,23,3,1000,10000,400,0.001918,0.009910,0.063669,0.075497
0,23,4,1000,10000,400,0.001902,0.009608,0.063617,0.075128
0,23,5,1000,10000,400,0.001874,0.009805,0.063676,0.075355
0,23,6,1000,10000,400,0.001906,0.010019,0.063640,0.075566
0,23,7,1000,10000,400,0.001876,0.009868,0.063652,0.075396
0,23,8,1000,10000,400,0.001895,0.009957,0.063618,0.075471
0,23,9,1000,10000,400,0.001927,0.009634,0.063668,0.075229
0,23,10,1000,10000,400,0.001911,0.009306,0.063639,0.074856
0,23,11,1000,10000,400,0.001922,0.009549,0.063653,0.075124
0,23,12,1000,10000,400,0.001897,0.009542,0.063617,0.075056
0,23,13,1000,10000,400,0.001869,0.009467,0.063654,0.074989
0,23,14,1000,10000,400,0.001902,0.009679,0.063622,0.075202
0,23,15,1000,10000,400,0.001850,0.009384,0.063707,0.074941
0,23,16,1000,10000,400,0.001875,0.009272,0.063618,0.074765
0,23,17,1000,10000,400,0.001804,0.009721,0.063622,0.075147
0,23,18,1000,10000,400,0.001875,0.009904,0.063644,0.075422
0,23,19,1000,10000,400,0.001926,0.009598,0.063626,0.075150
0,23,20,1000,10000,400,0.001922,0.009567,0.063601,0.075090
0,23,21,1000,10000,400,0.001918,0.009448,0.063615,0.074980
0,23,22,1000,10000,400,0.001950,0.009823,0.063663,0.075436
1,23,0,1000,10000,400,0.002151,0.010363,0.065492,0.078005
1,23,1,1000,10000,400,0.001942,0.009437,0.063579,0.074958
1,23,2,1000,10000,400,0.001910,0.009245,0.063594,0.074749
1,23,3,1000,10000,400,0.001923,0.009418,0.063608,0.074949
1,23,4,1000,10000,400,0.001845,0.009313,0.063549,0.074707
1,23,5,1000,10000,400,0.001879,0.009285,0.063593,0.074758
1,23,6,1000,10000,400,0.001935,0.009588,0.063600,0.075123
1,23,7,1000,10000,400,0.001869,0.009239,0.063594,0.074702
1,23,8,1000,10000,400,0.001901,0.009220,0.063562,0.074684
1,23,9,1000,10000,400,0.001826,0.009195,0.063563,0.074584
1,23,10,1000,10000,400,0.001876,0.009385,0.063560,0.074821
1,23,11,1000,10000,400,0.001850,0.009481,0.063610,0.074942
1,23,12,1000,10000,400,0.001845,0.009434,0.063618,0.074897
1,23,13,1000,10000,400,0.001865,0.009305,0.063573,0.074743
1,23,14,1000,10000,400,0.001915,0.009402,0.063568,0.074886
1,23,15,1000,10000,400,0.001816,0.008909,0.063624,0.074349
1,23,16,1000,10000,400,0.001816,0.009257,0.063620,0.074693
1,23,17,1000,10000,400,0.001880,0.009295,0.063577,0.074751
1,23,18,1000,10000,400,0.001895,0.009460,0.063607,0.074963
1,23,19,1000,10000,400,0.001833,0.009323,0.063570,0.074726
1,23,20,1000,10000,400,0.001922,0.009376,0.063614,0.074912
1,23,21,1000,10000,400,0.001851,0.009332,0.063535,0.074718
1,23,22,1000,10000,400,0.001895,0.009519,0.063644,0.075057
0,23,0,1000,10000,4000,0.002017,0.012412,0.065624,0.080053
0,23,1,1000,10000,4000,0.001951,0.012489,0.063725,0.078166
0,23,2,1000,10000,4000,0.001941,0.012479,0.063684,0.078104
0,23,3,1000,10000,4000,0.001987,0.012171,0.063711,0.077869
0,23,4,1000,10000,4000,0.001980,0.012844,0.063682,0.078506
0,23,5,1000,10000,4000,0.001928,0.012541,0.063658,0.078128
0,23,6,1000,10000,4000,0.001936,0.012216,0.063696,0.077848
0,23,7,1000,10000,4000,0.001940,0.012467,0.063689,0.078096
0,23,8,1000,10000,4000,0.001974,0.012291,0.063712,0.077976
0,23,9,1000,10000,4000,0.001948,0.012610,0.063764,0.078322
0,23,10,1000,10000,4000,0.001975,0.012261,0.063743,0.077979
0,23,11,1000,10000,4000,0.001974,0.012494,0.063801,0.078269
0,23,12,1000,10000,4000,0.001938,0.012221,0.063689,0.077847
0,23,13,1000,10000,4000,0.001980,0.012275,0.063772,0.078027
0,23,14,1000,10000,4000,0.001983,0.012479,0.063643,0.078104
0,23,15,1000,10000,4000,0.001998,0.012526,0.063623,0.078147
0,23,16,1000,10000,4000,0.001987,0.012626,0.063681,0.078293
0,23,17,1000,10000,4000,0.001919,0.012544,0.063702,0.078166
0,23,18,1000,10000,4000,0.001913,0.012480,0.063825,0.078218
0,23,19,1000,10000,4000,0.001970,0.012166,0.063733,0.077869
0,23,20,1000,10000,4000,0.001971,0.012254,0.063678,0.077903
0,23,21,1000,10000,4000,0.001947,0.012352,0.063703,0.078002
0,23,22,1000,10000,4000,0.001933,0.012132,0.063768,0.077833
1,23,0,1000,10000,4000,0.002141,0.010191,0.065872,0.078205
1,23,1,1000,10000,4000,0.001915,0.010995,0.063687,0.076597
1,23,2,1000,10000,4000,0.001989,0.011145,0.063697,0.076831
1,23,3,1000,10000,4000,0.001946,0.010742,0.063725,0.076414
1,23,4,1000,10000,4000,0.001962,0.011250,0.063683,0.076895
1,23,5,1000,10000,4000,0.001956,0.010648,0.063812,0.076416
1,23,6,1000,10000,4000,0.001984,0.011184,0.063699,0.076867
1,23,7,1000,10000,4000,0.001964,0.011221,0.063719,0.076904
1,23,8,1000,10000,4000,0.001927,0.011043,0.063728,0.076699
1,23,9,1000,10000,4000,0.001968,0.011004,0.063739,0.076711
1,23,10,1000,10000,4000,0.001951,0.010807,0.063748,0.076506
1,23,11,1000,10000,4000,0.001935,0.010847,0.063705,0.076486
1,23,12,1000,10000,4000,0.001908,0.010913,0.063684,0.076504
1,23,13,1000,10000,4000,0.001911,0.011062,0.063711,0.076683
1,23,14,1000,10000,4000,0.001917,0.011114,0.063682,0.076713
1,23,15,1000,10000,4000,0.001950,0.011347,0.063690,0.076988
1,23,16,1000,10000,4000,0.001986,0.010975,0.063716,0.076677
1,23,17,1000,10000,4000,0.001942,0.011119,0.063720,0.076781
1,23,18,1000,10000,4000,0.001910,0.010964,0.063677,0.076551
1,23,19,1000,10000,4000,0.001915,0.011170,0.063715,0.076799
1,23,20,1000,10000,4000,0.001941,0.011020,0.063784,0.076746
1,23,21,1000,10000,4000,0.001872,0.011448,0.063685,0.077006
1,23,22,1000,10000,4000,0.001906,0.011014,0.063759,0.076679
0,23,0,1000,10000,40000,0.002632,0.375100,0.069264,0.446996
0,23,1,1000,10000,40000,0.002365,0.339393,0.064040,0.405798
0,23,2,1000,10000,40000,0.002416,0.336348,0.064082,0.402845
0,23,3,1000,10000,40000,0.002433,0.340430,0.064129,0.406993
0,23,4,1000,10000,40000,0.002396,0.335555,0.064035,0.401987
0,23,5,1000,10000,40000,0.002412,0.339653,0.064106,0.406171
0,23,6,1000,10000,40000,0.002441,0.337460,0.064124,0.404025
0,23,7,1000,10000,40000,0.002410,0.342337,0.064115,0.408862
0,23,8,1000,10000,40000,0.002403,0.337308,0.064053,0.403764
0,23,9,1000,10000,40000,0.002377,0.340382,0.064121,0.406880
0,23,10,1000,10000,40000,0.002427,0.338881,0.064111,0.405418
0,23,11,1000,10000,40000,0.002459,0.341054,0.064177,0.407690
0,23,12,1000,10000,40000,0.002505,0.351070,0.064087,0.417662
0,23,13,1000,10000,40000,0.002521,0.349722,0.064104,0.416347
0,23,14,1000,10000,40000,0.002499,0.340247,0.064074,0.406819
0,23,15,1000,10000,40000,0.002495,0.344765,0.064103,0.411363
0,23,16,1000,10000,40000,0.002515,0.344622,0.064107,0.411244
0,23,17,1000,10000,40000,0.002451,0.348297,0.064090,0.414838
0,23,18,1000,10000,40000,0.002486,0.348118,0.064213,0.414817
0,23,19,1000,10000,40000,0.002489,0.348014,0.064132,0.414635
0,23,20,1000,10000,40000,0.002545,0.346370,0.064076,0.412991
0,23,21,1000,10000,40000,0.002452,0.339573,0.064112,0.406137
0,23,22,1000,10000,40000,0.002482,0.346949,0.064122,0.413553
1,23,0,1000,10000,40000,0.002887,0.369497,0.069556,0.441939
1,23,1,1000,10000,40000,0.002509,0.335749,0.064036,0.402294
1,23,2,1000,10000,40000,0.002453,0.342732,0.064023,0.409208
1,23,3,1000,10000,40000,0.002470,0.337440,0.064023,0.403933
1,23,4,1000,10000,40000,0.002466,0.339015,0.064014,0.405496
1,23,5,1000,10000,40000,0.002498,0.335716,0.064101,0.402316
1,23,6,1000,10000,40000,0.002491,0.340428,0.064155,0.407073
1,23,7,1000,10000,40000,0.002453,0.343842,0.064061,0.410357
1,23,8,1000,10000,40000,0.002526,0.339390,0.064113,0.406028
1,23,9,1000,10000,40000,0.002507,0.337028,0.063995,0.403530
1,23,10,1000,10000,40000,0.002487,0.338922,0.064116,0.405525
1,23,11,1000,10000,40000,0.002471,0.341330,0.064100,0.407902
1,23,12,1000,10000,40000,0.002560,0.348180,0.064096,0.414835
1,23,13,1000,10000,40000,0.002605,0.346020,0.064114,0.412739
1,23,14,1000,10000,40000,0.002528,0.340224,0.064107,0.406859
1,23,15,1000,10000,40000,0.002547,0.342493,0.064152,0.409192
1,23,16,1000,10000,40000,0.002567,0.343304,0.064078,0.409948
1,23,17,1000,10000,40000,0.002559,0.344845,0.064181,0.411585
1,23,18,1000,10000,40000,0.002568,0.346089,0.064145,0.412803
1,23,19,1000,10000,40000,0.002570,0.346133,0.064131,0.412833
1,23,20,1000,10000,40000,0.002519,0.345868,0.064085,0.412472
1,23,21,1000,10000,40000,0.002528,0.342171,0.064086,0.408785
1,23,22,1000,10000,40000,0.002555,0.346994,0.064122,0.413671
0,23,0,1000,10000,400000,0.002187,3.399228,0.070142,3.471558
0,23,1,1000,10000,400000,0.001904,3.018128,0.064284,3.084316
0,23,2,1000,10000,400000,0.001917,2.991935,0.064311,3.058163
0,23,3,1000,10000,400000,0.001878,3.026104,0.064295,3.092277
0,23,4,1000,10000,400000,0.001872,3.034442,0.064322,3.100636
0,23,5,1000,10000,400000,0.001904,3.063619,0.064326,3.129849
0,23,6,1000,10000,400000,0.001961,3.034149,0.064581,3.100690
0,23,7,1000,10000,400000,0.001943,3.004421,0.064270,3.070634
0,23,8,1000,10000,400000,0.001963,2.986921,0.064291,3.053175
0,23,9,1000,10000,400000,0.001935,2.998310,0.064325,3.064571
0,23,10,1000,10000,400000,0.001943,3.033622,0.064333,3.099898
0,23,11,1000,10000,400000,0.001950,3.043146,0.064376,3.109471
0,23,12,1000,10000,400000,0.001861,3.028630,0.064307,3.094798
0,23,13,1000,10000,400000,0.001911,3.069519,0.064350,3.135779
0,23,14,1000,10000,400000,0.001946,3.095582,0.064280,3.161808
0,23,15,1000,10000,400000,0.001958,3.041745,0.064256,3.107958
0,23,16,1000,10000,400000,0.001921,3.052198,0.064298,3.118417
0,23,17,1000,10000,400000,0.001904,3.011325,0.064323,3.077552
0,23,18,1000,10000,400000,0.001994,3.006673,0.064353,3.073020
0,23,19,1000,10000,400000,0.001897,3.065760,0.064322,3.131980
0,23,20,1000,10000,400000,0.001951,3.021958,0.064361,3.088270
0,23,21,1000,10000,400000,0.001961,3.044876,0.064315,3.111152
0,23,22,1000,10000,400000,0.001932,3.035439,0.064361,3.101733
1,23,0,1000,10000,400000,0.002282,3.375076,0.070765,3.448123
1,23,1,1000,10000,400000,0.001958,3.043496,0.064398,3.109852
1,23,2,1000,10000,400000,0.001942,3.005678,0.064392,3.072012
1,23,3,1000,10000,400000,0.001973,3.001654,0.064359,3.067986
1,23,4,1000,10000,400000,0.002001,3.032613,0.064286,3.098900
1,23,5,1000,10000,400000,0.001993,3.030315,0.064354,3.096662
1,23,6,1000,10000,400000,0.001958,3.052774,0.064417,3.119149
1,23,7,1000,10000,400000,0.001905,3.009597,0.064394,3.075897
1,23,8,1000,10000,400000,0.001915,3.024029,0.064344,3.090288
1,23,9,1000,10000,400000,0.001912,3.043260,0.064302,3.109474
1,23,10,1000,10000,400000,0.001944,3.027117,0.064334,3.093395
1,23,11,1000,10000,400000,0.001954,3.057035,0.064369,3.123358
1,23,12,1000,10000,400000,0.002021,3.008197,0.064330,3.074548
1,23,13,1000,10000,400000,0.002000,3.029654,0.064372,3.096026
1,23,14,1000,10000,400000,0.002017,3.061919,0.064396,3.128331
1,23,15,1000,10000,400000,0.002025,3.044788,0.064352,3.111165
1,23,16,1000,10000,400000,0.001959,3.060845,0.064363,3.127167
1,23,17,1000,10000,400000,0.001963,3.058944,0.064426,3.125333
1,23,18,1000,10000,400000,0.001970,3.059286,0.064360,3.125615
1,23,19,1000,10000,400000,0.001984,3.063731,0.064376,3.130091
1,23,20,1000,10000,400000,0.001989,3.042756,0.064429,3.109174
1,23,21,1000,10000,400000,0.001924,3.074242,0.064374,3.140540
1,23,22,1000,10000,400000,0.001969,3.025694,0.064374,3.092037
0,23,0,1000,10000,4000000,0.002509,50.018689,0.078050,50.099248
0,23,1,1000,10000,4000000,0.002259,46.553190,0.065986,46.621434
0,23,2,1000,10000,4000000,0.002295,47.449145,0.065826,47.517266
0,23,3,1000,10000,4000000,0.002288,47.388050,0.065777,47.456116
0,23,4,1000,10000,4000000,0.002278,46.818860,0.065771,46.886909
0,23,5,1000,10000,4000000,0.002318,46.806188,0.065958,46.874463
0,23,6,1000,10000,4000000,0.002198,47.219243,0.065855,47.287295
0,23,7,1000,10000,4000000,0.002267,47.216869,0.065788,47.284924
0,23,8,1000,10000,4000000,0.002330,47.017702,0.065818,47.085850
0,23,9,1000,10000,4000000,0.002308,47.335555,0.065796,47.403660
0,23,10,1000,10000,4000000,0.002253,47.627081,0.065762,47.695095
0,23,11,1000,10000,4000000,0.002318,46.980844,0.065980,47.049142
0,23,12,1000,10000,4000000,0.002328,47.424309,0.065840,47.492477
0,23,13,1000,10000,4000000,0.002282,46.807791,0.065868,46.875942
0,23,14,1000,10000,4000000,0.002286,46.902718,0.065771,46.970775
0,23,15,1000,10000,4000000,0.002304,46.777037,0.065805,46.845146
0,23,16,1000,10000,4000000,0.002310,46.839749,0.065859,46.907918
0,23,17,1000,10000,4000000,0.002364,46.902647,0.065880,46.970891
0,23,18,1000,10000,4000000,0.002257,47.694693,0.065712,47.762662
0,23,19,1000,10000,4000000,0.002250,46.854740,0.065786,46.922776
0,23,20,1000,10000,4000000,0.002235,47.209799,0.065754,47.277789
0,23,21,1000,10000,4000000,0.002297,47.132592,0.065933,47.200822
0,23,22,1000,10000,4000000,0.002315,47.168829,0.065804,47.236947
1,23,0,1000,10000,4000000,0.002643,49.377253,0.073720,49.453616
1,23,1,1000,10000,4000000,0.002253,47.655314,0.065763,47.723330
1,23,2,1000,10000,4000000,0.002320,46.879402,0.065857,46.947579
1,23,3,1000,10000,4000000,0.002296,46.779784,0.065883,46.847963
1,23,4,1000,10000,4000000,0.002269,47.178737,0.065803,47.246809
1,23,5,1000,10000,4000000,0.002224,47.000515,0.065885,47.068624
1,23,6,1000,10000,4000000,0.002323,46.919887,0.065870,46.988079
1,23,7,1000,10000,4000000,0.002264,47.253763,0.065782,47.321809
1,23,8,1000,10000,4000000,0.002338,47.408332,0.065779,47.476449
1,23,9,1000,10000,4000000,0.002305,46.925480,0.065821,46.993607
1,23,10,1000,10000,4000000,0.002312,46.708415,0.065974,46.776700
1,23,11,1000,10000,4000000,0.002275,47.207731,0.065920,47.275926
1,23,12,1000,10000,4000000,0.002316,47.207045,0.065856,47.275217
1,23,13,1000,10000,4000000,0.002263,46.386653,0.065931,46.454846
1,23,14,1000,10000,4000000,0.002278,47.143060,0.065806,47.211143
1,23,15,1000,10000,4000000,0.002304,47.208279,0.065726,47.276309
1,23,16,1000,10000,4000000,0.002295,46.953723,0.065894,47.021912
1,23,17,1000,10000,4000000,0.002309,47.407438,0.065875,47.475622
1,23,18,1000,10000,4000000,0.002333,46.874980,0.065859,46.943173
1,23,19,1000,10000,4000000,0.002310,46.566335,0.065906,46.634551
1,23,20,1000,10000,4000000,0.002315,46.722884,0.065895,46.791094
1,23,21,1000,10000,4000000,0.002326,46.782506,0.065781,46.850614
1,23,22,1000,10000,4000000,0.002329,47.039962,0.065903,47.108194
0,23,0,1000,10000,40000000,0.002950,647.774740,0.069425,647.847115
0,23,1,1000,10000,40000000,0.002724,732.342151,0.067090,732.411965
0,23,2,1000,10000,40000000,0.002781,728.716804,0.066860,728.786446
0,23,3,1000,10000,40000000,0.002789,717.471851,0.067159,717.541800
0,23,4,1000,10000,40000000,0.002725,728.346666,0.066993,728.416384
0,23,5,1000,10000,40000000,0.002773,733.378396,0.066891,733.448060
0,23,6,1000,10000,40000000,0.002751,720.886144,0.067083,720.955979
0,23,7,1000,10000,40000000,0.002726,726.996466,0.067107,727.066300
0,23,8,1000,10000,40000000,0.002710,721.252797,0.066750,721.322258
0,23,9,1000,10000,40000000,0.002750,722.557432,0.066937,722.627119
0,23,10,1000,10000,40000000,0.002694,727.493047,0.067026,727.562767
0,23,11,1000,10000,40000000,0.002700,727.428918,0.067126,727.498744
0,23,12,1000,10000,40000000,0.002735,732.058381,0.067138,732.128254
0,23,13,1000,10000,40000000,0.002803,724.043115,0.066900,724.112817
0,23,14,1000,10000,40000000,0.002713,724.293746,0.066794,724.363253
0,23,15,1000,10000,40000000,0.002793,731.254286,0.067113,731.324192
0,23,16,1000,10000,40000000,0.002699,729.997826,0.066898,730.067423
0,23,17,1000,10000,40000000,0.002713,730.518717,0.066896,730.588326
0,23,18,1000,10000,40000000,0.002729,719.780085,0.067082,719.849896
0,23,19,1000,10000,40000000,0.002737,723.248210,0.066896,723.317843
0,23,20,1000,10000,40000000,0.002717,732.042663,0.066961,732.112341
0,23,21,1000,10000,40000000,0.002715,731.875198,0.067224,731.945137
0,23,22,1000,10000,40000000,0.002800,723.336952,0.067030,723.406781
1,23,0,1000,10000,40000000,0.002369,622.710833,0.069344,622.782546
1,23,1,1000,10000,40000000,0.002676,678.979499,0.067987,679.050162
1,23,2,1000,10000,40000000,0.002594,675.551185,0.067855,675.621634
1,23,3,1000,10000,40000000,0.002551,673.068719,0.067878,673.139148
1,23,4,1000,10000,40000000,0.002662,677.586548,0.067917,677.657127
1,23,5,1000,10000,40000000,0.002588,689.489451,0.068119,689.560158
1,23,6,1000,10000,40000000,0.002628,676.283991,0.068093,676.354712
1,23,7,1000,10000,40000000,0.002629,676.319067,0.067962,676.389658
1,23,8,1000,10000,40000000,0.002653,675.625249,0.067951,675.695853
1,23,9,1000,10000,40000000,0.002606,670.645634,0.067853,670.716094
1,23,10,1000,10000,40000000,0.002602,673.548447,0.067967,673.619016
1,23,11,1000,10000,40000000,0.002600,677.845094,0.068110,677.915803
1,23,12,1000,10000,40000000,0.002641,677.738018,0.068050,677.808709
1,23,13,1000,10000,40000000,0.002658,677.149815,0.068099,677.220572
1,23,14,1000,10000,40000000,0.002625,676.080340,0.067874,676.150839
1,23,15,1000,10000,40000000,0.002646,674.200193,0.067790,674.270629
1,23,16,1000,10000,40000000,0.002672,675.166014,0.068084,675.236770
1,23,17,1000,10000,40000000,0.002668,681.384367,0.068172,681.455207
1,23,18,1000,10000,40000000,0.002626,676.147567,0.068089,676.218281
1,23,19,1000,10000,40000000,0.002588,670.887872,0.068065,670.958524
1,23,20,1000,10000,40000000,0.002670,674.630040,0.067981,674.700691
1,23,21,1000,10000,40000000,0.002697,677.042467,0.067972,677.113136
1,23,22,1000,10000,40000000,0.002552,674.023733,0.068000,674.094285
0,23,0,1000,10000,400000000,0.003224,6269.269869,0.069424,6269.342516
0,23,1,1000,10000,400000000,0.003030,6887.875855,0.067830,6887.946715
0,23,2,1000,10000,400000000,0.003076,6863.854815,0.067622,6863.925513
0,23,3,1000,10000,400000000,0.003034,6884.533189,0.067851,6884.604074
0,23,4,1000,10000,400000000,0.003067,6868.237163,0.067780,6868.308010
0,23,5,1000,10000,400000000,0.003025,6925.064631,0.067825,6925.135481
0,23,6,1000,10000,400000000,0.003007,6905.450083,0.067874,6905.520964
0,23,7,1000,10000,400000000,0.002979,6973.385043,0.067849,6973.455870
0,23,8,1000,10000,400000000,0.003069,6850.606833,0.067766,6850.677668
0,23,9,1000,10000,400000000,0.002977,6916.361782,0.067632,6916.432392
0,23,10,1000,10000,400000000,0.003001,6864.025440,0.067804,6864.096244
0,23,11,1000,10000,400000000,0.003017,6954.874690,0.068072,6954.945780
0,23,12,1000,10000,400000000,0.003050,6923.742377,0.067839,6923.813266
0,23,13,1000,10000,400000000,0.003028,6854.415629,0.067886,6854.486543
0,23,14,1000,10000,400000000,0.003005,6903.656006,0.067758,6903.726768
0,23,15,1000,10000,400000000,0.003048,6834.789712,0.067746,6834.860506
0,23,16,1000,10000,400000000,0.003066,6853.156334,0.067885,6853.227284
0,23,17,1000,10000,400000000,0.003007,6893.721569,0.067789,6893.792366
0,23,18,1000,10000,400000000,0.002966,6914.643859,0.067923,6914.714748
0,23,19,1000,10000,400000000,0.002997,6968.862234,0.067763,6968.932994
0,23,20,1000,10000,400000000,0.003017,6835.034976,0.067729,6835.105723
0,23,21,1000,10000,400000000,0.003020,6922.515246,0.067908,6922.586174
0,23,22,1000,10000,400000000,0.003078,7024.865958,0.067780,7024.936816
1,23,0,1000,10000,400000000,0.002642,6097.937967,0.069304,6098.009913
1,23,1,1000,10000,400000000,0.002691,6454.376284,0.068283,6454.447257
1,23,2,1000,10000,400000000,0.002759,6462.730152,0.068081,6462.800992
1,23,3,1000,10000,400000000,0.002767,6479.464638,0.068170,6479.535575
1,23,4,1000,10000,400000000,0.002784,6467.773649,0.068235,6467.844668
1,23,5,1000,10000,400000000,0.002790,6525.835288,0.068344,6525.906421
1,23,6,1000,10000,400000000,0.002783,6521.398015,0.068268,6521.469067
1,23,7,1000,10000,400000000,0.002799,6452.531812,0.068200,6452.602810
1,23,8,1000,10000,400000000,0.002737,6440.751400,0.068111,6440.822248
1,23,9,1000,10000,400000000,0.002745,6432.409860,0.068047,6432.480652
1,23,10,1000,10000,400000000,0.002735,6461.084110,0.068157,6461.155002
1,23,11,1000,10000,400000000,0.002763,6494.316218,0.068350,6494.387332
1,23,12,1000,10000,400000000,0.002754,6482.594448,0.068180,6482.665382
1,23,13,1000,10000,400000000,0.002727,6424.939825,0.068032,6425.010584
1,23,14,1000,10000,400000000,0.002767,6438.664651,0.068008,6438.735426
1,23,15,1000,10000,400000000,0.002766,6442.184857,0.068004,6442.255627
1,23,16,1000,10000,400000000,0.002744,6438.858065,0.068108,6438.928917
1,23,17,1000,10000,400000000,0.002790,6507.946082,0.068186,6508.017057
1,23,18,1000,10000,400000000,0.002741,6517.771332,0.068174,6517.842247
1,23,19,1000,10000,400000000,0.002834,6505.260734,0.068097,6505.331664
1,23,20,1000,10000,400000000,0.002716,6445.121225,0.068139,6445.192080
1,23,21,1000,10000,400000000,0.002779,6493.520415,0.067960,6493.591154
1,23,22,1000,10000,400000000,0.002721,6469.241937,0.068160,6469.312818
0,23,0,1000,100000,4,0.002408,0.012675,0.155532,0.170615
0,23,1,1000,100000,4,0.002230,0.011886,0.153840,0.167956
0,23,2,1000,100000,4,0.002179,0.011352,0.153813,0.167344
0,23,3,1000,100000,4,0.002217,0.011452,0.153949,0.167617
0,23,4,1000,100000,4,0.002306,0.012080,0.153921,0.168307
0,23,5,1000,100000,4,0.002230,0.012277,0.153899,0.168407
0,23,6,1000,100000,4,0.002218,0.011666,0.153923,0.167807
0,23,7,1000,100000,4,0.002287,0.011757,0.153843,0.167887
0,23,8,1000,100000,4,0.002253,0.011554,0.153912,0.167718
0,23,9,1000,100000,4,0.002229,0.011727,0.153884,0.167840
0,23,10,1000,100000,4,0.002209,0.011859,0.153911,0.167979
0,23,11,1000,100000,4,0.002241,0.012117,0.153990,0.168348
0,23,12,1000,100000,4,0.002370,0.011627,0.153911,0.167909
0,23,13,1000,100000,4,0.002277,0.012118,0.153926,0.168320
0,23,14,1000,100000,4,0.002318,0.011639,0.153888,0.167845
0,23,15,1000,100000,4,0.002342,0.011732,0.153945,0.168018
0,23,16,1000,100000,4,0.002238,0.011249,0.153921,0.167408
0,23,17,1000,100000,4,0.002327,0.011920,0.153943,0.168189
0,23,18,1000,100000,4,0.002303,0.011703,0.153991,0.167996
0,23,19,1000,100000,4,0.002236,0.012239,0.153862,0.168337
0,23,20,1000,100000,4,0.002269,0.012070,0.153866,0.168205
0,23,21,1000,100000,4,0.002289,0.011559,0.153923,0.167771
0,23,22,1000,100000,4,0.002278,0.011471,0.153913,0.167662
1,23,0,1000,100000,4,0.002430,0.013250,0.156043,0.171723
1,23,1,1000,100000,4,0.002131,0.011875,0.153999,0.168005
1,23,2,1000,100000,4,0.002132,0.011510,0.153997,0.167639
1,23,3,1000,100000,4,0.002169,0.011729,0.154019,0.167918
1,23,4,1000,100000,4,0.002168,0.011870,0.153976,0.168014
1,23,5,1000,100000,4,0.002201,0.011878,0.154001,0.168080
1,23,6,1000,100000,4,0.002118,0.012199,0.154050,0.168367
1,23,7,1000,100000,4,0.002080,0.012017,0.154023,0.168120
1,23,8,1000,100000,4,0.002132,0.012017,0.154037,0.168186
1,23,9,1000,100000,4,0.002165,0.011890,0.153991,0.168046
1,23,10,1000,100000,4,0.002168,0.011824,0.154037,0.168028
1,23,11,1000,100000,4,0.002171,0.012049,0.153987,0.168207
1,23,12,1000,100000,4,0.002153,0.011803,0.154016,0.167972
1,23,13,1000,100000,4,0.002166,0.011225,0.154023,0.167415
1,23,14,1000,100000,4,0.002076,0.011937,0.154031,0.168045
1,23,15,1000,100000,4,0.002080,0.011934,0.154022,0.168036
1,23,16,1000,100000,4,0.002108,0.011372,0.154049,0.167529
1,23,17,1000,100000,4,0.002179,0.012201,0.154127,0.168507
1,23,18,1000,100000,4,0.002108,0.012012,0.154006,0.168126
1,23,19,1000,100000,4,0.002108,0.011109,0.154052,0.167269
1,23,20,1000,100000,4,0.002187,0.011104,0.153980,0.167271
1,23,21,1000,100000,4,0.002151,0.011532,0.153936,0.167619
1,23,22,1000,100000,4,0.002098,0.011584,0.153988,0.167670
0,23,0,1000,100000,400,0.002321,0.011919,0.155301,0.169541
0,23,1,1000,100000,400,0.002192,0.010676,0.153694,0.166562
0,23,2,1000,100000,400,0.002180,0.010854,0.153628,0.166662
0,23,3,1000,100000,400,0.002193,0.010878,0.153675,0.166746
0,23,4,1000,100000,400,0.002274,0.010913,0.153695,0.166882
0,23,5,1000,100000,400,0.002169,0.010877,0.153724,0.166770
0,23,6,1000,100000,400,0.002202,0.011148,0.153696,0.167046
0,23,7,1000,100000,400,0.002137,0.011112,0.153760,0.167009
0,23,8,1000,100000,400,0.002190,0.010718,0.153732,0.166639
0,23,9,1000,100000,400,0.002188,0.010791,0.153641,0.166620
0,23,10,1000,100000,400,0.002128,0.010812,0.153705,0.166645
0,23,11,1000,100000,400,0.002147,0.010933,0.153750,0.166830
0,23,12,1000,100000,400,0.002229,0.011042,0.153704,0.166976
0,23,13,1000,100000,400,0.002245,0.011227,0.153790,0.167262
0,23,14,1000,100000,400,0.002190,0.011047,0.153682,0.166919
0,23,15,1000,100000,400,0.002225,0.011200,0.153771,0.167196
0,23,16,1000,100000,400,0.002193,0.010987,0.153704,0.166884
0,23,17,1000,100000,400,0.002204,0.010830,0.153699,0.166733
0,23,18,1000,100000,400,0.002235,0.011107,0.153772,0.167114
0,23,19,1000,100000,400,0.002250,0.010703,0.153733,0.166686
0,23,20,1000,100000,400,0.002232,0.010654,0.153691,0.166577
0,23,21,1000,100000,400,0.002242,0.011029,0.153683,0.166954
0,23,22,1000,100000,400,0.002261,0.010762,0.153744,0.166768
1,23,0,1000,100000,400,0.002431,0.013153,0.156063,0.171647
1,23,1,1000,100000,400,0.002198,0.011496,0.153919,0.167613
1,23,2,1000,100000,400,0.002202,0.011659,0.153925,0.167786
1,23,3,1000,100000,400,0.002115,0.011355,0.153950,0.167420
1,23,4,1000,100000,400,0.002214,0.011970,0.153990,0.168174
1,23,5,1000,100000,400,0.002173,0.011212,0.154008,0.167393
1,23,6,1000,100000,400,0.002199,0.012006,0.154009,0.168214
1,23,7,1000,100000,400,0.002184,0.011170,0.153971,0.167325
1,23,8,1000,100000,400,0.002125,0.011800,0.153985,0.167910
1,23,9,1000,100000,400,0.002196,0.011568,0.153935,0.167700
1,23,10,1000,100000,400,0.002204,0.011671,0.154010,0.167885
1,23,11,1000,100000,400,0.002224,0.011325,0.153975,0.167525
1,23,12,1000,100000,400,0.002259,0.011883,0.153975,0.168116
1,23,13,1000,100000,400,0.002279,0.011769,0.153983,0.168031
1,23,14,1000,100000,400,0.002265,0.011493,0.153986,0.167744
1,23,15,1000,100000,400,0.002222,0.011839,0.154017,0.168078
1,23,16,1000,100000,400,0.002283,0.011493,0.154008,0.167784
1,23,17,1000,100000,400,0.002214,0.011867,0.154109,0.168190
1,23,18,1000,100000,400,0.002286,0.011933,0.153961,0.168180
1,23,19,1000,100000,400,0.002265,0.011745,0.154024,0.168034
1,23,20,1000,100000,400,0.002211,0.011654,0.153992,0.167856
1,23,21,1000,100000,400,0.002291,0.011625,0.153981,0.167897
1,23,22,1000,100000,400,0.002264,0.011855,0.154019,0.168138
0,23,0,1000,100000,4000,0.002260,0.013084,0.155660,0.171004
0,23,1,1000,100000,4000,0.002191,0.011055,0.153740,0.166987
0,23,2,1000,100000,4000,0.002089,0.011353,0.153694,0.167137
0,23,3,1000,100000,4000,0.002191,0.011682,0.153772,0.167645
0,23,4,1000,100000,4000,0.002192,0.011705,0.153750,0.167648
0,23,5,1000,100000,4000,0.002133,0.011974,0.153792,0.167899
0,23,6,1000,100000,4000,0.002201,0.012224,0.153810,0.168235
0,23,7,1000,100000,4000,0.002113,0.011253,0.153705,0.167071
0,23,8,1000,100000,4000,0.002153,0.011793,0.153724,0.167670
0,23,9,1000,100000,4000,0.002134,0.011063,0.153659,0.166855
0,23,10,1000,100000,4000,0.002195,0.011314,0.153761,0.167270
0,23,11,1000,100000,4000,0.002143,0.011922,0.153808,0.167873
0,23,12,1000,100000,4000,0.002144,0.011544,0.153708,0.167397
0,23,13,1000,100000,4000,0.002142,0.011470,0.153789,0.167401
0,23,14,1000,100000,4000,0.002161,0.011530,0.153677,0.167368
0,23,15,1000,100000,4000,0.002149,0.012023,0.153819,0.167990
0,23,16,1000,100000,4000,0.002146,0.011936,0.153750,0.167832
0,23,17,1000,100000,4000,0.002214,0.010935,0.153852,0.167001
0,23,18,1000,100000,4000,0.002181,0.012067,0.153799,0.168047
0,23,19,1000,100000,4000,0.002181,0.012140,0.153701,0.168022
0,23,20,1000,100000,4000,0.002199,0.011853,0.153750,0.167802
0,23,21,1000,100000,4000,0.002181,0.011788,0.153757,0.167725
0,23,22,1000,100000,4000,0.002204,0.011887,0.153692,0.167783
1,23,0,1000,100000,4000,0.002353,0.012985,0.156106,0.171444
1,23,1,1000,100000,4000,0.002105,0.011928,0.153942,0.167975
1,23,2,1000,100000,4000,0.002098,0.011088,0.153930,0.167116
1,23,3,1000,100000,4000,0.002094,0.011424,0.153930,0.167448
1,23,4,1000,100000,4000,0.002157,0.011801,0.153926,0.167885
1,23,5,1000,100000,4000,0.002121,0.011907,0.153995,0.168023
1,23,6,1000,100000,4000,0.002170,0.011778,0.153979,0.167927
1,23,7,1000,100000,4000,0.002094,0.011100,0.153955,0.167149
1,23,8,1000,100000,4000,0.002105,0.011164,0.153935,0.167204
1,23,9,1000,100000,4000,0.002092,0.011710,0.153950,0.167752
1,23,10,1000,100000,4000,0.002067,0.011470,0.153951,0.167487
1,23,11,1000,100000,4000,0.002166,0.011760,0.153980,0.167906
1,23,12,1000,100000,4000,0.002128,0.011720,0.153970,0.167819
1,23,13,1000,100000,4000,0.002114,0.011294,0.153965,0.167373
1,23,14,1000,100000,4000,0.002058,0.011292,0.153939,0.167289
1,23,15,1000,100000,4000,0.002149,0.011748,0.153994,0.167890
1,23,16,1000,100000,4000,0.002154,0.011609,0.153988,0.167752
1,23,17,1000,100000,4000,0.002095,0.011798,0.154027,0.167920
1,23,18,1000,100000,4000,0.002130,0.011596,0.153924,0.167650
1,23,19,1000,100000,4000,0.002138,0.011969,0.153958,0.168066
1,23,20,1000,100000,4000,0.002100,0.011428,0.153929,0.167457
1,23,21,1000,100000,4000,0.002139,0.011867,0.153941,0.167947
1,23,22,1000,100000,4000,0.002089,0.011617,0.153935,0.167642
0,23,0,1000,100000,40000,0.002612,0.298556,0.159706,0.460874
0,23,1,1000,100000,40000,0.002451,0.254769,0.153932,0.411152
0,23,2,1000,100000,40000,0.002428,0.252507,0.153897,0.408833
0,23,3,1000,100000,40000,0.002396,0.254312,0.153922,0.410630
0,23,4,1000,100000,40000,0.002414,0.251393,0.153864,0.407671
0,23,5,1000,100000,40000,0.002425,0.252964,0.153911,0.409299
0,23,6,1000,100000,40000,0.002485,0.255585,0.153876,0.411946
0,23,7,1000,100000,40000,0.002458,0.249703,0.153842,0.406003
0,23,8,1000,100000,40000,0.002343,0.252532,0.153866,0.408741
0,23,9,1000,100000,40000,0.002428,0.248500,0.153857,0.404785
0,23,10,1000,100000,40000,0.002438,0.253247,0.153908,0.409592
0,23,11,1000,100000,40000,0.002432,0.256788,0.153997,0.413216
0,23,12,1000,100000,40000,0.002455,0.256826,0.153854,0.413134
0,23,13,1000,100000,40000,0.002514,0.261797,0.153895,0.418207
0,23,14,1000,100000,40000,0.002419,0.257415,0.153865,0.413699
0,23,15,1000,100000,40000,0.002443,0.263145,0.153959,0.419547
0,23,16,1000,100000,40000,0.002475,0.260573,0.153892,0.416940
0,23,17,1000,100000,40000,0.002473,0.255999,0.153941,0.412413
0,23,18,1000,100000,40000,0.002541,0.260328,0.153939,0.416808
0,23,19,1000,100000,40000,0.002477,0.257819,0.153903,0.414198
0,23,20,1000,100000,40000,0.002518,0.256542,0.153906,0.412967
0,23,21,1000,100000,40000,0.002530,0.260894,0.153948,0.417371
0,23,22,1000,100000,40000,0.002466,0.258746,0.153901,0.415113
1,23,0,1000,100000,40000,0.002949,0.281460,0.160438,0.444847
1,23,1,1000,100000,40000,0.002415,0.252679,0.154100,0.409194
1,23,2,1000,100000,40000,0.002405,0.251114,0.154170,0.407690
1,23,3,1000,100000,40000,0.002466,0.247708,0.154149,0.404323
1,23,4,1000,100000,40000,0.002394,0.247624,0.154112,0.404129
1,23,5,1000,100000,40000,0.002434,0.253504,0.154164,0.410103
1,23,6,1000,100000,40000,0.002467,0.251156,0.154169,0.407792
1,23,7,1000,100000,40000,0.002433,0.249324,0.154179,0.405936
1,23,8,1000,100000,40000,0.002467,0.245318,0.154146,0.401931
1,23,9,1000,100000,40000,0.002460,0.247726,0.154155,0.404342
1,23,10,1000,100000,40000,0.002385,0.251490,0.154118,0.407992
1,23,11,1000,100000,40000,0.002465,0.247988,0.154183,0.404636
1,23,12,1000,100000,40000,0.002546,0.251178,0.154189,0.407913
1,23,13,1000,100000,40000,0.002487,0.256705,0.154105,0.413298
1,23,14,1000,100000,40000,0.002519,0.251016,0.154169,0.407703
1,23,15,1000,100000,40000,0.002556,0.255497,0.154167,0.412220
1,23,16,1000,100000,40000,0.002526,0.257664,0.154249,0.414439
1,23,17,1000,100000,40000,0.002561,0.253112,0.154144,0.409817
1,23,18,1000,100000,40000,0.002532,0.252078,0.154219,0.408829
1,23,19,1000,100000,40000,0.002497,0.255622,0.154177,0.412295
1,23,20,1000,100000,40000,0.002494,0.256458,0.154210,0.413161
1,23,21,1000,100000,40000,0.002537,0.253424,0.154119,0.410079
1,23,22,1000,100000,40000,0.002520,0.254565,0.154234,0.411319
0,23,0,1000,100000,400000,0.002266,3.401591,0.161256,3.565113
0,23,1,1000,100000,400000,0.002022,3.061802,0.154505,3.218329
0,23,2,1000,100000,400000,0.001924,2.996247,0.154464,3.152636
0,23,3,1000,100000,400000,0.001935,2.984821,0.154464,3.141221
0,23,4,1000,100000,400000,0.002010,3.004269,0.154437,3.160717
0,23,5,1000,100000,400000,0.001998,2.997075,0.154508,3.153581
0,23,6,1000,100000,400000,0.001985,2.997935,0.154475,3.154394
0,23,7,1000,100000,400000,0.001930,2.982308,0.154423,3.138661
0,23,8,1000,100000,400000,0.001987,3.001227,0.154476,3.157690
0,23,9,1000,100000,400000,0.001947,2.945461,0.154482,3.101890
0,23,10,1000,100000,400000,0.001927,2.999302,0.154483,3.155711
0,23,11,1000,100000,400000,0.002002,2.979869,0.154569,3.136439
0,23,12,1000,100000,400000,0.001976,3.075678,0.154454,3.232107
0,23,13,1000,100000,400000,0.002014,3.056021,0.154477,3.212512
0,23,14,1000,100000,400000,0.001963,3.052041,0.154429,3.208434
0,23,15,1000,100000,400000,0.002003,3.040747,0.154544,3.197295
0,23,16,1000,100000,400000,0.001997,3.028816,0.154468,3.185280
0,23,17,1000,100000,400000,0.002046,3.048627,0.154452,3.205125
0,23,18,1000,100000,400000,0.002028,3.011651,0.154482,3.168160
0,23,19,1000,100000,400000,0.001960,3.015154,0.154458,3.171572
0,23,20,1000,100000,400000,0.002025,3.052715,0.154471,3.209211
0,23,21,1000,100000,400000,0.001977,3.025162,0.154444,3.181583
0,23,22,1000,100000,400000,0.002054,3.028281,0.154460,3.184795
1,23,0,1000,100000,400000,0.002382,3.391540,0.161680,3.555601
1,23,1,1000,100000,400000,0.002015,3.081061,0.154346,3.237422
1,23,2,1000,100000,400000,0.001994,3.001473,0.154353,3.157820
1,23,3,1000,100000,400000,0.002019,2.992613,0.154352,3.148985
1,23,4,1000,100000,400000,0.002000,3.020062,0.154394,3.176456
1,23,5,1000,100000,400000,0.002054,3.035696,0.154396,3.192146
1,23,6,1000,100000,400000,0.002064,3.016167,0.154418,3.172648
1,23,7,1000,100000,400000,0.002057,2.952259,0.154360,3.108676
1,23,8,1000,100000,400000,0.002052,3.012947,0.154396,3.169395
1,23,9,1000,100000,400000,0.002004,2.980225,0.154364,3.136592
1,23,10,1000,100000,400000,0.002039,2.990609,0.154457,3.147105
1,23,11,1000,100000,400000,0.002022,3.049976,0.154416,3.206414
1,23,12,1000,100000,400000,0.002113,3.054995,0.154396,3.211505
1,23,13,1000,100000,400000,0.002069,3.052308,0.154421,3.208798
1,23,14,1000,100000,400000,0.002098,3.034122,0.154413,3.190633
1,23,15,1000,100000,400000,0.002060,3.028667,0.154382,3.185110
1,23,16,1000,100000,400000,0.002072,3.028134,0.154419,3.184625
1,23,17,1000,100000,400000,0.002096,3.069059,0.154472,3.225628
1,23,18,1000,100000,400000,0.002081,3.051602,0.154370,3.208053
1,23,19,1000,100000,400000,0.002089,3.013156,0.154415,3.169660
1,23,20,1000,100000,400000,0.002064,3.033764,0.154389,3.190216
1,23,21,1000,100000,400000,0.002081,2.993793,0.154371,3.150245
1,23,22,1000,100000,400000,0.002063,3.069735,0.154403,3.226201
0,23,0,1000,100000,4000000,0.002559,49.515877,0.163933,49.682369
0,23,1,1000,100000,4000000,0.002277,46.937403,0.156117,47.095797
0,23,2,1000,100000,4000000,0.002257,46.365893,0.156104,46.524254
0,23,3,1000,100000,4000000,0.002276,46.695492,0.156001,46.853770
0,23,4,1000,100000,4000000,0.002329,46.816149,0.155948,46.974426
0,23,5,1000,100000,4000000,0.002320,47.109339,0.156084,47.267743
0,23,6,1000,100000,4000000,0.002266,46.645431,0.156090,46.803787
0,23,7,1000,100000,4000000,0.002272,46.338932,0.156118,46.497321
0,23,8,1000,100000,4000000,0.002219,46.707797,0.156067,46.866084
0,23,9,1000,100000,4000000,0.002259,47.439135,0.155912,47.597306
0,23,10,1000,100000,4000000,0.002258,46.820150,0.156079,46.978486
0,23,11,1000,100000,4000000,0.002233,46.655877,0.156106,46.814217
0,23,12,1000,100000,4000000,0.002330,46.607341,0.156063,46.765735
0,23,13,1000,100000,4000000,0.002208,46.995178,0.155994,47.153380
0,23,14,1000,100000,4000000,0.002261,46.577184,0.155945,46.735390
0,23,15,1000,100000,4000000,0.002295,46.317180,0.156038,46.475513
0,23,16,1000,100000,4000000,0.002272,46.423219,0.155985,46.581476
0,23,17,1000,100000,4000000,0.002264,46.812401,0.156067,46.970733
0,23,18,1000,100000,4000000,0.002299,46.433077,0.156013,46.591388
0,23,19,1000,100000,4000000,0.002259,46.351684,0.156048,46.509991
0,23,20,1000,100000,4000000,0.002285,47.008805,0.156025,47.167115
0,23,21,1000,100000,4000000,0.002309,46.979020,0.156044,47.137373
0,23,22,1000,100000,4000000,0.002279,46.614587,0.156135,46.773000
1,23,0,1000,100000,4000000,0.002679,48.478277,0.164080,48.645037
1,23,1,1000,100000,4000000,0.002299,46.689006,0.156091,46.847395
1,23,2,1000,100000,4000000,0.002286,46.228859,0.156013,46.387158
1,23,3,1000,100000,4000000,0.002306,46.650678,0.156052,46.809036
1,23,4,1000,100000,4000000,0.002267,47.448562,0.156051,47.606880
1,23,5,1000,100000,4000000,0.002308,46.975757,0.156121,47.134186
1,23,6,1000,100000,4000000,0.002266,46.933319,0.156113,47.091698
1,23,7,1000,100000,4000000,0.002255,46.069144,0.156178,46.227577
1,23,8,1000,100000,4000000,0.002349,46.692175,0.156026,46.850549
1,23,9,1000,100000,4000000,0.002311,46.795845,0.156006,46.954162
1,23,10,1000,100000,4000000,0.002304,46.447574,0.156057,46.605935
1,23,11,1000,100000,4000000,0.002263,46.947641,0.156143,47.106047
1,23,12,1000,100000,4000000,0.002312,46.976517,0.156033,47.134862
1,23,13,1000,100000,4000000,0.002321,46.461521,0.156042,46.619884
1,23,14,1000,100000,4000000,0.002317,46.832218,0.156008,46.990544
1,23,15,1000,100000,4000000,0.002277,46.875313,0.155976,47.033566
1,23,16,1000,100000,4000000,0.002299,46.810637,0.156026,46.968962
1,23,17,1000,100000,4000000,0.002280,46.829313,0.156120,46.987713
1,23,18,1000,100000,4000000,0.002288,46.753272,0.156100,46.911661
1,23,19,1000,100000,4000000,0.002193,47.043582,0.156138,47.201913
1,23,20,1000,100000,4000000,0.002331,46.605475,0.156108,46.763915
1,23,21,1000,100000,4000000,0.002315,47.280475,0.155970,47.438760
1,23,22,1000,100000,4000000,0.002266,46.972007,0.156067,47.130341
0,23,0,1000,100000,40000000,0.003059,658.729275,0.159827,658.892162
0,23,1,1000,100000,40000000,0.002858,725.173465,0.157092,725.333415
0,23,2,1000,100000,40000000,0.002939,713.808382,0.156953,713.968274
0,23,3,1000,100000,40000000,0.002910,725.818037,0.156805,725.977752
0,23,4,1000,100000,40000000,0.002861,730.195728,0.156965,730.355554
0,23,5,1000,100000,40000000,0.002870,730.455919,0.156857,730.615647
0,23,6,1000,100000,40000000,0.002860,728.081376,0.156888,728.241123
0,23,7,1000,100000,40000000,0.002881,723.467230,0.157192,723.627303
0,23,8,1000,100000,40000000,0.002805,723.658707,0.156972,723.818484
0,23,9,1000,100000,40000000,0.002839,721.157486,0.156976,721.317301
0,23,10,1000,100000,40000000,0.002869,730.483840,0.156955,730.643664
0,23,11,1000,100000,40000000,0.002863,722.300349,0.157209,722.460422
0,23,12,1000,100000,40000000,0.002867,724.687404,0.157004,724.847274
0,23,13,1000,100000,40000000,0.002877,719.122226,0.156834,719.281937
0,23,14,1000,100000,40000000,0.002852,725.190772,0.156763,725.350387
0,23,15,1000,100000,40000000,0.002884,716.280839,0.156861,716.440584
0,23,16,1000,100000,40000000,0.002855,728.757992,0.156942,728.917789
0,23,17,1000,100000,40000000,0.002837,720.655664,0.156981,720.815481
0,23,18,1000,100000,40000000,0.002681,726.160360,0.156914,726.319955
0,23,19,1000,100000,40000000,0.002859,726.794538,0.156885,726.954282
0,23,20,1000,100000,40000000,0.002901,725.012054,0.156980,725.171935
0,23,21,1000,100000,40000000,0.002861,722.102239,0.157175,722.262275
0,23,22,1000,100000,40000000,0.002851,721.485401,0.157028,721.645280
1,23,0,1000,100000,40000000,0.002518,625.316105,0.159882,625.478504
1,23,1,1000,100000,40000000,0.002676,672.296457,0.158184,672.457318
1,23,2,1000,100000,40000000,0.002683,668.449669,0.158027,668.610379
1,23,3,1000,100000,40000000,0.002735,671.904944,0.158071,672.065749
1,23,4,1000,100000,40000000,0.002743,675.372131,0.158034,675.532908
1,23,5,1000,100000,40000000,0.002698,688.256334,0.158130,688.417162
1,23,6,1000,100000,40000000,0.002761,676.392793,0.158358,676.553912
1,23,7,1000,100000,40000000,0.002757,674.136198,0.158168,674.297123
1,23,8,1000,100000,40000000,0.002717,671.545429,0.158114,671.706259
1,23,9,1000,100000,40000000,0.002648,670.246495,0.157979,670.407121
1,23,10,1000,100000,40000000,0.002732,676.094886,0.158030,676.255647
1,23,11,1000,100000,40000000,0.002658,673.585382,0.158197,673.746237
1,23,12,1000,100000,40000000,0.002636,671.919947,0.158190,672.080772
1,23,13,1000,100000,40000000,0.002724,673.300233,0.158038,673.460995
1,23,14,1000,100000,40000000,0.002696,670.841252,0.158094,671.002042
1,23,15,1000,100000,40000000,0.002716,669.344888,0.157911,669.505514
1,23,16,1000,100000,40000000,0.002734,675.495656,0.158176,675.656565
1,23,17,1000,100000,40000000,0.002619,674.813233,0.158132,674.973984
1,23,18,1000,100000,40000000,0.002762,679.789079,0.158165,679.950006
1,23,19,1000,100000,40000000,0.002702,669.087133,0.158034,669.247868
1,23,20,1000,100000,40000000,0.002739,672.134829,0.158068,672.295636
1,23,21,1000,100000,40000000,0.002708,668.356166,0.157974,668.516849
1,23,22,1000,100000,40000000,0.002692,673.829850,0.158082,673.990624
0,23,0,1000,100000,400000000,0.003106,6636.905125,0.160316,6637.068547
0,23,1,1000,100000,400000000,0.002947,7042.432551,0.157875,7042.593372
0,23,2,1000,100000,400000000,0.002839,6838.618975,0.157743,6838.779557
0,23,3,1000,100000,400000000,0.002915,6898.277538,0.157614,6898.438066
0,23,4,1000,100000,400000000,0.002999,6858.060409,0.157712,6858.221120
0,23,5,1000,100000,400000000,0.002948,6915.769325,0.157907,6915.930179
0,23,6,1000,100000,400000000,0.002911,6901.590600,0.157991,6901.751501
0,23,7,1000,100000,400000000,0.002927,6913.881533,0.157959,6914.042420
0,23,8,1000,100000,400000000,0.002895,6869.814614,0.157785,6869.975295
0,23,9,1000,100000,400000000,0.002959,6860.234473,0.157867,6860.395299
0,23,10,1000,100000,400000000,0.002952,6866.503292,0.157884,6866.664129
0,23,11,1000,100000,400000000,0.002928,6916.971851,0.158093,6917.132873
0,23,12,1000,100000,400000000,0.003007,6913.492807,0.158091,6913.653905
0,23,13,1000,100000,400000000,0.002852,6864.817726,0.157685,6864.978263
0,23,14,1000,100000,400000000,0.002906,6892.246232,0.157727,6892.406866
0,23,15,1000,100000,400000000,0.002913,6856.555485,0.157820,6856.716218
0,23,16,1000,100000,400000000,0.002949,6852.852495,0.157899,6853.013343
0,23,17,1000,100000,400000000,0.002915,6914.175062,0.157783,6914.335760
0,23,18,1000,100000,400000000,0.002859,6919.450329,0.157915,6919.611103
0,23,19,1000,100000,400000000,0.002884,6933.117685,0.157844,6933.278413
0,23,20,1000,100000,400000000,0.002898,6901.952688,0.157721,6902.113307
0,23,21,1000,100000,400000000,0.003003,6970.614651,0.157859,6970.775513
0,23,22,1000,100000,400000000,0.002959,6824.314644,0.157895,6824.475498
1,23,0,1000,100000,400000000,0.002912,6219.769161,0.160265,6219.932339
1,23,1,1000,100000,400000000,0.002863,6530.097585,0.158522,6530.258969
1,23,2,1000,100000,400000000,0.002789,6459.396349,0.158294,6459.557432
1,23,3,1000,100000,400000000,0.002849,6448.946271,0.158354,6449.107473
1,23,4,1000,100000,400000000,0.002822,6469.887791,0.158438,6470.049051
1,23,5,1000,100000,400000000,0.002765,6466.270194,0.158523,6466.431481
1,23,6,1000,100000,400000000,0.002750,6458.051755,0.158545,6458.213050
1,23,7,1000,100000,400000000,0.002819,6461.783593,0.158445,6461.944857
1,23,8,1000,100000,400000000,0.002810,6443.247574,0.158397,6443.408781
1,23,9,1000,100000,400000000,0.002805,6429.802489,0.158278,6429.963573
1,23,10,1000,100000,400000000,0.002773,6416.818751,0.158409,6416.979933
1,23,11,1000,100000,400000000,0.002832,6493.593860,0.158440,6493.755131
1,23,12,1000,100000,400000000,0.002783,6478.781346,0.158526,6478.942654
1,23,13,1000,100000,400000000,0.002779,6473.030666,0.158289,6473.191734
1,23,14,1000,100000,400000000,0.002848,6444.649013,0.158268,6444.810130
1,23,15,1000,100000,400000000,0.002853,6477.225573,0.158246,6477.386672
1,23,16,1000,100000,400000000,0.002805,6420.269580,0.158369,6420.430754
1,23,17,1000,100000,400000000,0.002783,6480.534375,0.158456,6480.695614
1,23,18,1000,100000,400000000,0.002785,6495.621962,0.158502,6495.783249
1,23,19,1000,100000,400000000,0.002835,6442.427112,0.158418,6442.588365
1,23,20,1000,100000,400000000,0.002810,6433.101862,0.158344,6433.263015
1,23,21,1000,100000,400000000,0.002859,6460.172782,0.158307,6460.333949
1,23,22,1000,100000,400000000,0.002770,6364.230542,0.158496,6364.391808
