nthreads,thread,rep,work,msg_size,post_time,wait_time,comp_time,comm_time
15,0,5000,100,4,0.027978,0.025163,0.271300,0.324441
15,1,5000,100,4,0.028095,0.025288,0.271587,0.324970
15,2,5000,100,4,0.029235,0.023748,0.272338,0.325320
15,3,5000,100,4,0.028871,0.025406,0.271893,0.326170
15,4,5000,100,4,0.028185,0.025284,0.271838,0.325306
15,5,5000,100,4,0.029332,0.023966,0.272210,0.325508
15,6,5000,100,4,0.028875,0.024510,0.272441,0.325825
15,7,5000,100,4,0.028238,0.025221,0.271813,0.325272
15,8,5000,100,4,0.028460,0.025385,0.271768,0.325613
15,9,5000,100,4,0.028801,0.024355,0.271673,0.324829
15,10,5000,100,4,0.028524,0.024821,0.272381,0.325727
15,11,5000,100,4,0.029080,0.023715,0.272290,0.325085
15,12,5000,100,4,0.028235,0.024042,0.271791,0.324069
15,13,5000,100,4,0.028997,0.024802,0.272333,0.326132
15,14,5000,100,4,0.029206,0.023255,0.272228,0.324689
15,0,5000,100,400,0.029064,0.035801,0.271336,0.336200
15,1,5000,100,400,0.029341,0.034100,0.271936,0.335377
15,2,5000,100,400,0.030284,0.033745,0.272370,0.336399
15,3,5000,100,400,0.029313,0.033798,0.272269,0.335380
15,4,5000,100,400,0.028847,0.034944,0.271988,0.335778
15,5,5000,100,400,0.030264,0.032894,0.272177,0.335335
15,6,5000,100,400,0.029611,0.032769,0.272567,0.334947
15,7,5000,100,400,0.029752,0.034477,0.271692,0.335921
15,8,5000,100,400,0.029749,0.034668,0.271713,0.336129
15,9,5000,100,400,0.030020,0.033261,0.272031,0.335313
15,10,5000,100,400,0.029459,0.033694,0.271942,0.335094
15,11,5000,100,400,0.029279,0.032484,0.272495,0.334257
15,12,5000,100,400,0.029602,0.032929,0.272352,0.334883
15,13,5000,100,400,0.030543,0.036435,0.272329,0.339306
15,14,5000,100,400,0.030751,0.032603,0.272476,0.335831
15,0,5000,100,4000,0.040205,0.063872,0.271431,0.375508
15,1,5000,100,4000,0.040626,0.056868,0.272490,0.369984
15,2,5000,100,4000,0.041227,0.056377,0.272437,0.370041
15,3,5000,100,4000,0.040243,0.058299,0.271815,0.370357
15,4,5000,100,4000,0.039990,0.059504,0.271899,0.371393
15,5,5000,100,4000,0.041640,0.056559,0.272449,0.370648
15,6,5000,100,4000,0.041293,0.057742,0.272072,0.371107
15,7,5000,100,4000,0.040027,0.061801,0.271961,0.373789
15,8,5000,100,4000,0.039633,0.056468,0.272087,0.368189
15,9,5000,100,4000,0.040712,0.055403,0.272218,0.368332
15,10,5000,100,4000,0.038942,0.056977,0.271909,0.367827
15,11,5000,100,4000,0.040251,0.056598,0.272113,0.368962
15,12,5000,100,4000,0.039880,0.058340,0.272017,0.370237
15,13,5000,100,4000,0.041246,0.062529,0.272615,0.376390
15,14,5000,100,4000,0.040403,0.059221,0.272160,0.371785
15,0,500,100,40000,0.018420,0.045522,0.026642,0.090584
15,1,500,100,40000,0.018910,0.044252,0.027283,0.090446
15,2,500,100,40000,0.019559,0.043236,0.027168,0.089963
15,3,500,100,40000,0.020739,0.043519,0.027247,0.091505
15,4,500,100,40000,0.020952,0.042345,0.027241,0.090539
15,5,500,100,40000,0.019862,0.041758,0.027130,0.088750
15,6,500,100,40000,0.020905,0.042790,0.027260,0.090955
15,7,500,100,40000,0.021357,0.043324,0.027273,0.091954
15,8,500,100,40000,0.019325,0.046789,0.027282,0.093395
15,9,500,100,40000,0.020217,0.043406,0.027132,0.090755
15,10,500,100,40000,0.019461,0.042849,0.027185,0.089496
15,11,500,100,40000,0.021000,0.043576,0.027192,0.091768
15,12,500,100,40000,0.024624,0.043208,0.027314,0.095146
15,13,500,100,40000,0.023735,0.043915,0.027327,0.094977
15,14,500,100,40000,0.024272,0.043421,0.027222,0.094915
15,0,500,100,400000,0.006367,0.583344,0.027229,0.616940
15,1,500,100,400000,0.009544,0.544509,0.027235,0.581288
15,2,500,100,400000,0.006997,0.567022,0.027301,0.601320
15,3,500,100,400000,0.006325,0.536361,0.027242,0.569928
15,4,500,100,400000,0.006054,0.542566,0.027194,0.575814
15,5,500,100,400000,0.006067,0.536946,0.027262,0.570276
15,6,500,100,400000,0.006134,0.558729,0.027287,0.592150
15,7,500,100,400000,0.006056,0.547832,0.027304,0.581192
15,8,500,100,400000,0.007327,0.553864,0.027168,0.588360
15,9,500,100,400000,0.006043,0.527377,0.027219,0.560639
15,10,500,100,400000,0.007599,0.561063,0.027184,0.595846
15,11,500,100,400000,0.005775,0.504727,0.027211,0.537713
15,12,500,100,400000,0.006637,0.548915,0.027220,0.582772
15,13,500,100,400000,0.006382,0.573040,0.027235,0.606657
15,14,500,100,400000,0.006768,0.562635,0.027365,0.596768
15,0,500,100,4000000,0.006502,6.597546,0.033315,6.637363
15,1,500,100,4000000,0.006498,6.630396,0.034662,6.671556
15,2,500,100,4000000,0.006612,6.498003,0.039045,6.543660
15,3,500,100,4000000,0.006816,6.374616,0.039073,6.420505
15,4,500,100,4000000,0.010225,7.229310,0.030784,7.270318
15,5,500,100,4000000,0.006894,7.165113,0.031099,7.203105
15,6,500,100,4000000,0.011496,7.413312,0.028630,7.453438
15,7,500,100,4000000,0.006623,6.886572,0.032250,6.925445
15,8,500,100,4000000,0.006120,7.105305,0.030757,7.142182
15,9,500,100,4000000,0.006474,7.007012,0.034537,7.048024
15,10,500,100,4000000,0.006282,6.999583,0.033879,7.039744
15,11,500,100,4000000,0.006246,6.735574,0.033370,6.775190
15,12,500,100,4000000,0.007196,6.687390,0.034030,6.728616
15,13,500,100,4000000,0.005559,7.132802,0.030654,7.169015
15,14,500,100,4000000,0.008868,7.210316,0.030712,7.249896
15,0,100,100,40000000,0.008583,14.082877,0.007695,14.099155
15,1,100,100,40000000,0.009022,15.252437,0.007628,15.269087
15,2,100,100,40000000,0.017728,13.769038,0.007664,13.794431
15,3,100,100,40000000,0.009354,13.672209,0.007662,13.689225
15,4,100,100,40000000,0.001637,14.046296,0.008357,14.056289
15,5,100,100,40000000,0.002038,15.405888,0.007923,15.415848
15,6,100,100,40000000,0.013308,15.844622,0.007189,15.865119
15,7,100,100,40000000,0.013517,14.434341,0.007911,14.455769
15,8,100,100,40000000,0.006080,13.946698,0.008779,13.961557
15,9,100,100,40000000,0.006538,14.623930,0.008504,14.638971
15,10,100,100,40000000,0.005683,13.241122,0.008798,13.255603
15,11,100,100,40000000,0.006882,14.890791,0.008774,14.906446
15,12,100,100,40000000,0.008207,15.427348,0.008293,15.443847
15,13,100,100,40000000,0.007902,15.564479,0.008500,15.580881
15,14,100,100,40000000,0.007545,16.199780,0.007967,16.215292
15,0,20,100,400000000,0.027833,25.066042,0.001265,25.095141
15,1,20,100,400000000,0.035962,25.490312,0.002170,25.528444
15,2,20,100,400000000,0.030463,26.038283,0.002130,26.070876
15,3,20,100,400000000,0.033483,27.305905,0.002098,27.341486
15,4,20,100,400000000,0.020516,27.092081,0.002128,27.114725
15,5,20,100,400000000,0.014843,24.656588,0.001204,24.672635
15,6,20,100,400000000,0.023641,25.073071,0.002099,25.098811
15,7,20,100,400000000,0.025359,26.004348,0.002115,26.031822
15,8,20,100,400000000,0.033203,25.088550,0.002372,25.124124
15,9,20,100,400000000,0.033616,23.016549,0.002313,23.052478
15,10,20,100,400000000,0.036497,23.879031,0.002221,23.917749
15,11,20,100,400000000,0.036326,24.898309,0.002978,24.937613
15,12,20,100,400000000,0.018206,23.735278,0.003026,23.756510
15,13,20,100,400000000,0.009519,24.480674,0.002791,24.492984
15,14,20,100,400000000,0.006260,25.309932,0.002828,25.319021
15,0,5000,500,4,0.028690,0.024882,0.273438,0.327010
15,1,5000,500,4,0.028905,0.023101,0.274561,0.326567
15,2,5000,500,4,0.029196,0.022792,0.274708,0.326696
15,3,5000,500,4,0.028641,0.023894,0.274277,0.326812
15,4,5000,500,4,0.029203,0.023275,0.274371,0.326848
15,5,5000,500,4,0.028949,0.023233,0.274532,0.326714
15,6,5000,500,4,0.029381,0.023579,0.274776,0.327737
15,7,5000,500,4,0.029444,0.023594,0.274377,0.327414
15,8,5000,500,4,0.028983,0.023642,0.274615,0.327240
15,9,5000,500,4,0.029369,0.023243,0.273976,0.326587
15,10,5000,500,4,0.029336,0.024049,0.274586,0.327971
15,11,5000,500,4,0.029284,0.022908,0.274496,0.326688
15,12,5000,500,4,0.028685,0.022706,0.274652,0.326043
15,13,5000,500,4,0.029045,0.023999,0.274454,0.327497
15,14,5000,500,4,0.029454,0.022028,0.274995,0.326476
15,0,5000,500,400,0.040915,0.012810,0.273696,0.327421
15,1,5000,500,400,0.041179,0.011604,0.274506,0.327290
15,2,5000,500,400,0.040599,0.012580,0.274686,0.327865
15,3,5000,500,400,0.040318,0.012710,0.274511,0.327539
15,4,5000,500,400,0.041219,0.011890,0.274540,0.327650
15,5,5000,500,400,0.040503,0.011827,0.274519,0.326849
15,6,5000,500,400,0.041071,0.012352,0.274775,0.328198
15,7,5000,500,400,0.040584,0.012925,0.274385,0.327894
15,8,5000,500,400,0.040158,0.012188,0.274567,0.326913
15,9,5000,500,400,0.039733,0.012210,0.274273,0.326216
15,10,5000,500,400,0.040254,0.013059,0.274436,0.327749
15,11,5000,500,400,0.040190,0.012411,0.274627,0.327228
15,12,5000,500,400,0.040527,0.012627,0.274981,0.328134
15,13,5000,500,400,0.041772,0.012082,0.275239,0.329093
15,14,5000,500,400,0.041526,0.012927,0.275326,0.329779
15,0,5000,500,4000,0.039221,0.063072,0.274335,0.376628
15,1,5000,500,4000,0.038238,0.055428,0.274960,0.368626
15,2,5000,500,4000,0.039632,0.055307,0.275176,0.370115
15,3,5000,500,4000,0.038330,0.057092,0.274631,0.370053
15,4,5000,500,4000,0.039043,0.056793,0.274809,0.370644
15,5,5000,500,4000,0.039414,0.058857,0.274746,0.373018
15,6,5000,500,4000,0.039798,0.058060,0.274903,0.372761
15,7,5000,500,4000,0.037836,0.058433,0.274861,0.371130
15,8,5000,500,4000,0.039382,0.056593,0.274306,0.370281
15,9,5000,500,4000,0.039235,0.057399,0.274439,0.371074
15,10,5000,500,4000,0.039898,0.058981,0.274551,0.373429
15,11,5000,500,4000,0.038278,0.055776,0.274408,0.368462
15,12,5000,500,4000,0.039103,0.060718,0.275120,0.374941
15,13,5000,500,4000,0.040543,0.060123,0.275940,0.376606
15,14,5000,500,4000,0.039774,0.056783,0.275272,0.371829
15,0,500,500,40000,0.008013,0.044910,0.027138,0.080062
15,1,500,500,40000,0.008855,0.054440,0.027514,0.090808
15,2,500,500,40000,0.008990,0.050855,0.027713,0.087558
15,3,500,500,40000,0.009001,0.048900,0.027491,0.085392
15,4,500,500,40000,0.008382,0.058569,0.027370,0.094320
15,5,500,500,40000,0.008563,0.051935,0.027494,0.087991
15,6,500,500,40000,0.008932,0.052915,0.027580,0.089428
15,7,500,500,40000,0.008893,0.051821,0.027399,0.088112
15,8,500,500,40000,0.009297,0.053013,0.027513,0.089822
15,9,500,500,40000,0.009539,0.051540,0.027365,0.088444
15,10,500,500,40000,0.009224,0.049759,0.027449,0.086432
15,11,500,500,40000,0.009473,0.054046,0.027589,0.091109
15,12,500,500,40000,0.010098,0.060410,0.027552,0.098060
15,13,500,500,40000,0.010613,0.059720,0.027604,0.097938
15,14,500,500,40000,0.010257,0.052235,0.027618,0.090111
15,0,500,500,400000,0.006037,0.583811,0.027336,0.617185
15,1,500,500,400000,0.006094,0.563258,0.027319,0.596671
15,2,500,500,400000,0.006518,0.638368,0.027440,0.672326
15,3,500,500,400000,0.006059,0.563809,0.027379,0.597246
15,4,500,500,400000,0.007608,0.592901,0.027481,0.627990
15,5,500,500,400000,0.007670,0.615018,0.027542,0.650230
15,6,500,500,400000,0.007521,0.597983,0.027590,0.633094
15,7,500,500,400000,0.007306,0.584399,0.027430,0.619136
15,8,500,500,400000,0.006286,0.564906,0.027452,0.598643
15,9,500,500,400000,0.007342,0.559433,0.027451,0.594226
15,10,500,500,400000,0.007549,0.611830,0.027470,0.646849
15,11,500,500,400000,0.006194,0.556029,0.027495,0.589718
15,12,500,500,400000,0.006206,0.580210,0.027490,0.613906
15,13,500,500,400000,0.006735,0.612253,0.027538,0.646526
15,14,500,500,400000,0.009356,0.601307,0.027517,0.638180
15,0,500,500,4000000,0.009587,7.199228,0.030251,7.239065
15,1,500,500,4000000,0.008085,6.899330,0.031819,6.939234
15,2,500,500,4000000,0.009819,7.313637,0.029693,7.353150
15,3,500,500,4000000,0.008175,6.994733,0.030892,7.033800
15,4,500,500,4000000,0.006644,6.518003,0.041506,6.566154
15,5,500,500,4000000,0.006684,7.091775,0.032173,7.130632
15,6,500,500,4000000,0.006972,6.903729,0.032918,6.943619
15,7,500,500,4000000,0.006963,7.065260,0.034447,7.106669
15,8,500,500,4000000,0.007717,7.271180,0.028694,7.307591
15,9,500,500,4000000,0.007606,7.308409,0.029780,7.345795
15,10,500,500,4000000,0.007531,6.831266,0.033243,6.872040
15,11,500,500,4000000,0.007970,7.217367,0.032232,7.257570
15,12,500,500,4000000,0.005643,7.406836,0.027690,7.440169
15,13,500,500,4000000,0.008711,7.647320,0.027579,7.683610
15,14,500,500,4000000,0.010909,7.456779,0.028086,7.495774
15,0,100,500,40000000,0.001815,14.311337,0.007610,14.320761
15,1,100,500,40000000,0.001592,14.957758,0.007683,14.967033
15,2,100,500,40000000,0.002118,15.032095,0.007679,15.041892
15,3,100,500,40000000,0.002506,14.735323,0.007576,14.745404
15,4,100,500,40000000,0.002722,13.784564,0.006937,13.794222
15,5,100,500,40000000,0.003618,13.433314,0.007609,13.444541
15,6,100,500,40000000,0.003388,14.922613,0.005816,14.931817
15,7,100,500,40000000,0.002992,13.335673,0.007653,13.346318
15,8,100,500,40000000,0.004312,13.283319,0.005908,13.293540
15,9,100,500,40000000,0.003897,12.944616,0.006905,12.955418
15,10,100,500,40000000,0.004867,13.249677,0.006677,13.261222
15,11,100,500,40000000,0.004793,14.766598,0.006902,14.778293
15,12,100,500,40000000,0.009256,15.204730,0.006628,15.220614
15,13,100,500,40000000,0.013540,16.359565,0.005698,16.378803
15,14,100,500,40000000,0.017880,16.491802,0.005684,16.515365
15,0,20,500,400000000,0.026376,27.389584,0.002528,27.418488
15,1,20,500,400000000,0.023553,25.318853,0.002554,25.344960
15,2,20,500,400000000,0.024164,25.727264,0.002595,25.754022
15,3,20,500,400000000,0.028890,27.047497,0.002556,27.078943
15,4,20,500,400000000,0.029345,22.282187,0.002557,22.314088
15,5,20,500,400000000,0.029348,21.537216,0.002570,21.569134
15,6,20,500,400000000,0.026991,23.705911,0.002497,23.735399
15,7,20,500,400000000,0.028295,21.986557,0.002681,22.017534
15,8,20,500,400000000,0.026353,27.871372,0.002146,27.899872
15,9,20,500,400000000,0.026482,22.977021,0.002548,23.006052
15,10,20,500,400000000,0.026257,27.560817,0.002554,27.589627
15,11,20,500,400000000,0.026151,26.876431,0.002538,26.905120
15,12,20,500,400000000,0.021893,27.124594,0.002252,27.148739
15,13,20,500,400000000,0.026847,26.392974,0.002203,26.422025
15,14,20,500,400000000,0.024091,26.556792,0.002251,26.583134
15,0,5000,1000,4,0.036889,0.013310,0.276133,0.326331
15,1,5000,1000,4,0.037043,0.012391,0.276929,0.326363
15,2,5000,1000,4,0.037102,0.012448,0.277470,0.327021
15,3,5000,1000,4,0.036346,0.013052,0.277162,0.326559
15,4,5000,1000,4,0.036264,0.013370,0.276727,0.326361
15,5,5000,1000,4,0.036605,0.012627,0.276696,0.325928
15,6,5000,1000,4,0.036670,0.012608,0.277249,0.326526
15,7,5000,1000,4,0.036309,0.013063,0.276553,0.325925
15,8,5000,1000,4,0.036431,0.012826,0.276979,0.326236
15,9,5000,1000,4,0.035878,0.012874,0.276497,0.325249
15,10,5000,1000,4,0.036052,0.012956,0.277127,0.326135
15,11,5000,1000,4,0.036791,0.013258,0.277036,0.327086
15,12,5000,1000,4,0.035106,0.012868,0.277297,0.325271
15,13,5000,1000,4,0.036391,0.012515,0.277364,0.326271
15,14,5000,1000,4,0.036035,0.012937,0.277410,0.326383
15,0,5000,1000,400,0.032167,0.030249,0.276258,0.338674
15,1,5000,1000,400,0.031570,0.029063,0.276992,0.337625
15,2,5000,1000,400,0.032839,0.027837,0.277341,0.338018
15,3,5000,1000,400,0.032101,0.028969,0.277019,0.338090
15,4,5000,1000,400,0.031901,0.031619,0.277144,0.340663
15,5,5000,1000,400,0.032385,0.029536,0.276932,0.338853
15,6,5000,1000,400,0.032471,0.028258,0.277143,0.337873
15,7,5000,1000,400,0.032111,0.029206,0.276964,0.338281
15,8,5000,1000,400,0.032501,0.029711,0.277136,0.339347
15,9,5000,1000,400,0.032044,0.029358,0.276541,0.337943
15,10,5000,1000,400,0.032280,0.030687,0.277162,0.340128
15,11,5000,1000,400,0.032090,0.030271,0.277000,0.339360
15,12,5000,1000,400,0.032259,0.028953,0.277040,0.338252
15,13,5000,1000,400,0.032256,0.029822,0.277108,0.339186
15,14,5000,1000,400,0.032411,0.030628,0.276888,0.339926
15,0,5000,1000,4000,0.037591,0.061837,0.276022,0.375450
15,1,5000,1000,4000,0.036907,0.059542,0.277310,0.373759
15,2,5000,1000,4000,0.039358,0.060183,0.277231,0.376771
15,3,5000,1000,4000,0.037448,0.060737,0.276737,0.374922
15,4,5000,1000,4000,0.039106,0.064261,0.276800,0.380167
15,5,5000,1000,4000,0.040805,0.059804,0.277685,0.378293
15,6,5000,1000,4000,0.038552,0.058786,0.277418,0.374756
15,7,5000,1000,4000,0.037965,0.059026,0.277101,0.374092
15,8,5000,1000,4000,0.038558,0.064071,0.277096,0.379726
15,9,5000,1000,4000,0.038275,0.059710,0.276902,0.374886
15,10,5000,1000,4000,0.038205,0.063356,0.276904,0.378465
15,11,5000,1000,4000,0.038174,0.063868,0.277269,0.379311
15,12,5000,1000,4000,0.038234,0.060451,0.277160,0.375845
15,13,5000,1000,4000,0.040880,0.060418,0.277332,0.378629
15,14,5000,1000,4000,0.039004,0.063161,0.277760,0.379926
15,0,500,1000,40000,0.016680,0.055959,0.027108,0.099747
15,1,500,1000,40000,0.018687,0.055412,0.027798,0.101898
15,2,500,1000,40000,0.018635,0.055209,0.027773,0.101618
15,3,500,1000,40000,0.018924,0.056130,0.027885,0.102940
15,4,500,1000,40000,0.019319,0.056408,0.027783,0.103510
15,5,500,1000,40000,0.018474,0.058622,0.027859,0.104955
15,6,500,1000,40000,0.019356,0.056033,0.027692,0.103081
15,7,500,1000,40000,0.019660,0.056258,0.027789,0.103707
15,8,500,1000,40000,0.018411,0.057044,0.027860,0.103315
15,9,500,1000,40000,0.018743,0.055000,0.027560,0.101303
15,10,500,1000,40000,0.019353,0.058559,0.027799,0.105710
15,11,500,1000,40000,0.018805,0.056575,0.027757,0.103137
15,12,500,1000,40000,0.023822,0.056694,0.027769,0.108286
15,13,500,1000,40000,0.022017,0.057382,0.027892,0.107291
15,14,500,1000,40000,0.022549,0.057592,0.027774,0.107915
15,0,500,1000,400000,0.007014,0.546524,0.027729,0.581267
15,1,500,1000,400000,0.006944,0.549304,0.027776,0.584024
15,2,500,1000,400000,0.007011,0.569869,0.027757,0.604637
15,3,500,1000,400000,0.006925,0.546030,0.027674,0.580630
15,4,500,1000,400000,0.006564,0.543006,0.027685,0.577255
15,5,500,1000,400000,0.006570,0.531709,0.027703,0.565983
15,6,500,1000,400000,0.006664,0.536325,0.027743,0.570732
15,7,500,1000,400000,0.006548,0.525443,0.027696,0.559687
15,8,500,1000,400000,0.007210,0.556052,0.027675,0.590937
15,9,500,1000,400000,0.007208,0.568604,0.027738,0.603550
15,10,500,1000,400000,0.007147,0.563176,0.027726,0.598049
15,11,500,1000,400000,0.007665,0.593849,0.027718,0.629232
15,12,500,1000,400000,0.009049,0.542866,0.027778,0.579694
15,13,500,1000,400000,0.006253,0.576374,0.027709,0.610336
15,14,500,1000,400000,0.006344,0.580520,0.027791,0.614655
15,0,500,1000,4000000,0.007664,6.650778,0.060013,6.718454
15,1,500,1000,4000000,0.007396,6.491303,0.059116,6.557815
15,2,500,1000,4000000,0.007044,6.354608,0.068653,6.430305
15,3,500,1000,4000000,0.007834,6.963250,0.050846,7.021930
15,4,500,1000,4000000,0.008843,7.193208,0.043416,7.245467
15,5,500,1000,4000000,0.008513,7.392249,0.041089,7.441851
15,6,500,1000,4000000,0.009015,7.486463,0.036035,7.531513
15,7,500,1000,4000000,0.008668,7.306603,0.048677,7.363948
15,8,500,1000,4000000,0.007451,7.124875,0.044082,7.176408
15,9,500,1000,4000000,0.007188,7.185563,0.034431,7.227182
15,10,500,1000,4000000,0.007422,7.337446,0.031449,7.376317
15,11,500,1000,4000000,0.006888,7.006779,0.040664,7.054332
15,12,500,1000,4000000,0.005836,7.402876,0.030884,7.439596
15,13,500,1000,4000000,0.005911,7.865350,0.028632,7.899894
15,14,500,1000,4000000,0.005958,7.670918,0.028797,7.705673
15,0,100,1000,40000000,0.003236,14.164405,0.009411,14.177051
15,1,100,1000,40000000,0.002368,15.134788,0.009733,15.146889
15,2,100,1000,40000000,0.003016,15.980188,0.009611,15.992815
15,3,100,1000,40000000,0.002723,15.153858,0.009982,15.166563
15,4,100,1000,40000000,0.009568,15.410121,0.009859,15.429547
15,5,100,1000,40000000,0.001554,14.854350,0.009823,14.865726
15,6,100,1000,40000000,0.001824,14.552619,0.009602,14.564045
15,7,100,1000,40000000,0.003568,14.887064,0.009907,14.900540
15,8,100,1000,40000000,0.010228,13.676161,0.009233,13.695622
15,9,100,1000,40000000,0.009834,13.520279,0.009889,13.540003
15,10,100,1000,40000000,0.010577,14.196152,0.008895,14.215625
15,11,100,1000,40000000,0.010869,13.347527,0.010378,13.368775
15,12,100,1000,40000000,0.015354,14.779341,0.008246,14.802941
15,13,100,1000,40000000,0.016208,16.066856,0.007845,16.090909
15,14,100,1000,40000000,0.015754,14.713388,0.009051,14.738193
15,0,20,1000,400000000,0.032829,26.527108,0.004711,26.564648
15,1,20,1000,400000000,0.023067,23.007778,0.003983,23.034828
15,2,20,1000,400000000,0.020438,24.702589,0.003988,24.727015
15,3,20,1000,400000000,0.029650,28.147713,0.003209,28.180573
15,4,20,1000,400000000,0.023691,25.445356,0.003995,25.473041
15,5,20,1000,400000000,0.020436,28.249396,0.004040,28.273872
15,6,20,1000,400000000,0.025231,26.557430,0.003986,26.586647
15,7,20,1000,400000000,0.026263,25.312410,0.004095,25.342768
15,8,20,1000,400000000,0.030211,27.868097,0.003811,27.902120
15,9,20,1000,400000000,0.027442,22.494920,0.004703,22.527066
15,10,20,1000,400000000,0.031328,23.144879,0.005568,23.181775
15,11,20,1000,400000000,0.024481,23.681543,0.004908,23.710932
15,12,20,1000,400000000,0.026883,27.238542,0.004700,27.270125
15,13,20,1000,400000000,0.024494,27.090359,0.004641,27.119494
15,14,20,1000,400000000,0.025059,27.374736,0.004741,27.404536
15,0,5000,5000,4,0.032711,0.021590,0.296776,0.351077
15,1,5000,5000,4,0.032444,0.020163,0.297542,0.350149
15,2,5000,5000,4,0.032400,0.020368,0.297518,0.350286
15,3,5000,5000,4,0.032457,0.020344,0.297261,0.350062
15,4,5000,5000,4,0.032795,0.020405,0.297211,0.350410
15,5,5000,5000,4,0.032982,0.020890,0.297244,0.351116
15,6,5000,5000,4,0.033271,0.020453,0.297270,0.350995
15,7,5000,5000,4,0.032957,0.020698,0.297327,0.350983
15,8,5000,5000,4,0.032727,0.020480,0.297298,0.350504
15,9,5000,5000,4,0.032622,0.020315,0.297156,0.350093
15,10,5000,5000,4,0.033041,0.021703,0.297489,0.352233
15,11,5000,5000,4,0.032961,0.021416,0.297363,0.351740
15,12,5000,5000,4,0.032157,0.020068,0.297298,0.349523
15,13,5000,5000,4,0.033299,0.020273,0.297695,0.351267
15,14,5000,5000,4,0.033382,0.021101,0.297487,0.351971
15,0,5000,5000,400,0.041074,0.014106,0.296739,0.351920
15,1,5000,5000,400,0.041203,0.013260,0.297581,0.352045
15,2,5000,5000,400,0.041388,0.014230,0.297699,0.353316
15,3,5000,5000,400,0.041286,0.014535,0.297705,0.353526
15,4,5000,5000,400,0.041843,0.013577,0.297564,0.352984
15,5,5000,5000,400,0.041906,0.013442,0.297888,0.353237
15,6,5000,5000,400,0.041946,0.013955,0.297816,0.353716
15,7,5000,5000,400,0.041976,0.014831,0.297391,0.354198
15,8,5000,5000,400,0.042322,0.013442,0.297357,0.353121
15,9,5000,5000,400,0.041973,0.013896,0.297311,0.353179
15,10,5000,5000,400,0.042067,0.014957,0.297665,0.354688
15,11,5000,5000,400,0.042369,0.014357,0.297750,0.354477
15,12,5000,5000,400,0.041398,0.013342,0.297669,0.352409
15,13,5000,5000,400,0.042192,0.013262,0.298527,0.353981
15,14,5000,5000,400,0.041429,0.014952,0.297874,0.354255
15,0,5000,5000,4000,0.059937,0.010956,0.297337,0.368231
15,1,5000,5000,4000,0.059815,0.010094,0.297688,0.367597
15,2,5000,5000,4000,0.059487,0.012469,0.298058,0.370014
15,3,5000,5000,4000,0.058355,0.013716,0.298195,0.370266
15,4,5000,5000,4000,0.060442,0.010368,0.297320,0.368130
15,5,5000,5000,4000,0.061721,0.011325,0.297503,0.370548
15,6,5000,5000,4000,0.062598,0.013278,0.297812,0.373688
15,7,5000,5000,4000,0.061161,0.012922,0.297807,0.371890
15,8,5000,5000,4000,0.061170,0.010358,0.297684,0.369212
15,9,5000,5000,4000,0.060303,0.010561,0.297448,0.368312
15,10,5000,5000,4000,0.060977,0.013675,0.297969,0.372622
15,11,5000,5000,4000,0.060826,0.012293,0.298079,0.371197
15,12,5000,5000,4000,0.061109,0.011567,0.297862,0.370539
15,13,5000,5000,4000,0.064563,0.011664,0.298979,0.375206
15,14,5000,5000,4000,0.060280,0.015803,0.298835,0.374918
15,0,500,5000,40000,0.017577,0.054126,0.029147,0.100850
15,1,500,5000,40000,0.018129,0.053087,0.029666,0.100883
15,2,500,5000,40000,0.018447,0.054299,0.029783,0.102530
15,3,500,5000,40000,0.019599,0.053530,0.029826,0.102956
15,4,500,5000,40000,0.019925,0.051590,0.029862,0.101378
15,5,500,5000,40000,0.018801,0.053006,0.029885,0.101692
15,6,500,5000,40000,0.019902,0.053383,0.029836,0.103121
15,7,500,5000,40000,0.019486,0.052778,0.029861,0.102125
15,8,500,5000,40000,0.020514,0.050584,0.029874,0.100972
15,9,500,5000,40000,0.017855,0.053082,0.029569,0.100505
15,10,500,5000,40000,0.019110,0.052161,0.029806,0.101077
15,11,500,5000,40000,0.020331,0.050835,0.029809,0.100975
15,12,500,5000,40000,0.023732,0.052561,0.029980,0.106273
15,13,500,5000,40000,0.022761,0.056677,0.029912,0.109349
15,14,500,5000,40000,0.022751,0.053201,0.029891,0.105843
15,0,500,5000,400000,0.009281,0.561816,0.029695,0.600792
15,1,500,5000,400000,0.006091,0.536389,0.029723,0.572203
15,2,500,5000,400000,0.006605,0.555241,0.029806,0.591653
15,3,500,5000,400000,0.006368,0.577055,0.029768,0.613191
15,4,500,5000,400000,0.006733,0.574293,0.029721,0.610747
15,5,500,5000,400000,0.006952,0.589842,0.029528,0.626322
15,6,500,5000,400000,0.008948,0.570190,0.029715,0.608853
15,7,500,5000,400000,0.006898,0.602893,0.029711,0.639503
15,8,500,5000,400000,0.008923,0.599442,0.029760,0.638126
15,9,500,5000,400000,0.007607,0.581488,0.029686,0.618782
15,10,500,5000,400000,0.007727,0.586801,0.029758,0.624285
15,11,500,5000,400000,0.008566,0.560467,0.029740,0.598773
15,12,500,5000,400000,0.007381,0.552164,0.029724,0.589269
15,13,500,5000,400000,0.008340,0.598123,0.029689,0.636152
15,14,500,5000,400000,0.008008,0.573454,0.029769,0.611231
15,0,500,5000,4000000,0.010504,6.802810,0.038410,6.851724
15,1,500,5000,4000000,0.011135,7.118306,0.036801,7.166243
15,2,500,5000,4000000,0.010814,6.984662,0.038697,7.034173
15,3,500,5000,4000000,0.010957,6.678827,0.046376,6.736161
15,4,500,5000,4000000,0.008062,6.847271,0.040876,6.896209
15,5,500,5000,4000000,0.008514,6.911543,0.039291,6.959348
15,6,500,5000,4000000,0.008542,7.048638,0.035937,7.093116
15,7,500,5000,4000000,0.008161,6.798701,0.041100,6.847963
15,8,500,5000,4000000,0.009098,7.005404,0.049840,7.064342
15,9,500,5000,4000000,0.008931,6.926782,0.043307,6.979020
15,10,500,5000,4000000,0.010319,6.666892,0.054139,6.731349
15,11,500,5000,4000000,0.010299,6.972808,0.046466,7.029573
15,12,500,5000,4000000,0.007274,7.187536,0.034085,7.228894
15,13,500,5000,4000000,0.006053,7.205118,0.033157,7.244328
15,14,500,5000,4000000,0.009369,7.198114,0.034132,7.241615
15,0,100,5000,40000000,0.003971,14.735121,0.006915,14.746007
15,1,100,5000,40000000,0.004907,13.552220,0.007238,13.564366
15,2,100,5000,40000000,0.004417,15.689398,0.007327,15.701142
15,3,100,5000,40000000,0.004541,13.228686,0.007305,13.240531
15,4,100,5000,40000000,0.003699,15.533304,0.007311,15.544314
15,5,100,5000,40000000,0.003302,14.982222,0.007338,14.992861
15,6,100,5000,40000000,0.003022,14.811897,0.007309,14.822228
15,7,100,5000,40000000,0.002725,15.356877,0.007332,15.366934
15,8,100,5000,40000000,0.002139,13.755902,0.007294,13.765335
15,9,100,5000,40000000,0.005810,14.023220,0.006934,14.035964
15,10,100,5000,40000000,0.001574,14.884458,0.007316,14.893349
15,11,100,5000,40000000,0.001924,14.600200,0.007356,14.609480
15,12,100,5000,40000000,0.010307,13.776035,0.007289,13.793631
15,13,100,5000,40000000,0.005582,15.430084,0.007268,15.442933
15,14,100,5000,40000000,0.010106,15.043117,0.007330,15.060553
15,0,20,5000,400000000,0.035112,24.991248,0.004467,25.030827
15,1,20,5000,400000000,0.038371,25.823151,0.004412,25.865934
15,2,20,5000,400000000,0.040209,22.609430,0.003672,22.653310
15,3,20,5000,400000000,0.035351,23.573299,0.005222,23.613871
15,4,20,5000,400000000,0.033261,21.824703,0.005301,21.863265
15,5,20,5000,400000000,0.032432,22.074688,0.004429,22.111550
15,6,20,5000,400000000,0.021212,23.684431,0.004383,23.710026
15,7,20,5000,400000000,0.018021,24.268640,0.004667,24.291328
15,8,20,5000,400000000,0.021473,27.494662,0.004524,27.520658
15,9,20,5000,400000000,0.026600,27.060902,0.005246,27.092749
15,10,20,5000,400000000,0.030034,28.085802,0.004451,28.120286
15,11,20,5000,400000000,0.030207,22.941955,0.005319,22.977480
15,12,20,5000,400000000,0.032664,26.212500,0.004415,26.249579
15,13,20,5000,400000000,0.024384,28.374879,0.004535,28.403799
15,14,20,5000,400000000,0.027627,26.212136,0.004502,26.244265
15,0,5000,10000,4,0.041056,0.007415,0.321737,0.370208
15,1,5000,10000,4,0.041360,0.006673,0.322849,0.370882
15,2,5000,10000,4,0.041616,0.007530,0.322610,0.371756
15,3,5000,10000,4,0.041712,0.007514,0.322681,0.371907
15,4,5000,10000,4,0.041625,0.007141,0.322364,0.371131
15,5,5000,10000,4,0.041655,0.007034,0.322729,0.371419
15,6,5000,10000,4,0.041391,0.008092,0.322665,0.372148
15,7,5000,10000,4,0.041609,0.007721,0.322342,0.371671
15,8,5000,10000,4,0.041883,0.007235,0.322468,0.371585
15,9,5000,10000,4,0.041954,0.007393,0.322171,0.371518
15,10,5000,10000,4,0.041936,0.007537,0.322756,0.372229
15,11,5000,10000,4,0.042551,0.007766,0.322530,0.372848
15,12,5000,10000,4,0.042405,0.007654,0.322662,0.372721
15,13,5000,10000,4,0.041996,0.007442,0.322861,0.372298
15,14,5000,10000,4,0.041738,0.008529,0.322807,0.373074
15,0,5000,10000,400,0.032682,0.029789,0.322106,0.384577
15,1,5000,10000,400,0.033033,0.028583,0.322669,0.384285
15,2,5000,10000,400,0.032446,0.030898,0.322650,0.385994
15,3,5000,10000,400,0.033554,0.029543,0.322652,0.385749
15,4,5000,10000,400,0.033022,0.029695,0.322484,0.385200
15,5,5000,10000,400,0.033066,0.029466,0.322678,0.385211
15,6,5000,10000,400,0.032764,0.029543,0.322525,0.384833
15,7,5000,10000,400,0.033282,0.031712,0.322422,0.387416
15,8,5000,10000,400,0.032879,0.028721,0.322535,0.384135
15,9,5000,10000,400,0.033399,0.029132,0.322332,0.384862
15,10,5000,10000,400,0.033313,0.028734,0.322736,0.384782
15,11,5000,10000,400,0.032951,0.029165,0.322553,0.384668
15,12,5000,10000,400,0.033135,0.029645,0.322588,0.385369
15,13,5000,10000,400,0.033756,0.030561,0.322850,0.387168
15,14,5000,10000,400,0.034056,0.030193,0.323033,0.387283
15,0,5000,10000,4000,0.040778,0.058031,0.322141,0.420951
15,1,5000,10000,4000,0.041773,0.058089,0.323033,0.422895
15,2,5000,10000,4000,0.041404,0.059038,0.323095,0.423536
15,3,5000,10000,4000,0.041888,0.059303,0.322958,0.424150
15,4,5000,10000,4000,0.040919,0.058697,0.322558,0.422173
15,5,5000,10000,4000,0.041242,0.059642,0.322852,0.423736
15,6,5000,10000,4000,0.040651,0.060070,0.322777,0.423498
15,7,5000,10000,4000,0.041257,0.065440,0.322585,0.429281
15,8,5000,10000,4000,0.040757,0.059055,0.322861,0.422673
15,9,5000,10000,4000,0.040491,0.057267,0.322699,0.420457
15,10,5000,10000,4000,0.039745,0.058168,0.323102,0.421015
15,11,5000,10000,4000,0.039781,0.058998,0.323345,0.422124
15,12,5000,10000,4000,0.041370,0.060166,0.322951,0.424487
15,13,5000,10000,4000,0.042943,0.062174,0.323544,0.428660
15,14,5000,10000,4000,0.041014,0.063315,0.322995,0.427324
15,0,500,10000,40000,0.020500,0.089773,0.031573,0.141846
15,1,500,10000,40000,0.021535,0.087475,0.032386,0.141397
15,2,500,10000,40000,0.022968,0.086774,0.032316,0.142059
15,3,500,10000,40000,0.022311,0.088539,0.032358,0.143208
15,4,500,10000,40000,0.022040,0.089389,0.032356,0.143785
15,5,500,10000,40000,0.021058,0.087859,0.032401,0.141318
15,6,500,10000,40000,0.022236,0.087956,0.032333,0.142525
15,7,500,10000,40000,0.022080,0.088791,0.032384,0.143255
15,8,500,10000,40000,0.020578,0.087797,0.032396,0.140771
15,9,500,10000,40000,0.019031,0.086018,0.032310,0.137360
15,10,500,10000,40000,0.020731,0.087445,0.032349,0.140524
15,11,500,10000,40000,0.021128,0.087396,0.032440,0.140965
15,12,500,10000,40000,0.025029,0.089147,0.032353,0.146529
15,13,500,10000,40000,0.024837,0.088132,0.032441,0.145410
15,14,500,10000,40000,0.026002,0.086566,0.032417,0.144985
15,0,500,10000,400000,0.006775,0.560545,0.032235,0.599556
15,1,500,10000,400000,0.009584,0.524914,0.032288,0.566787
15,2,500,10000,400000,0.006298,0.554319,0.032312,0.592929
15,3,500,10000,400000,0.007368,0.548324,0.032298,0.587989
15,4,500,10000,400000,0.007428,0.587727,0.032282,0.627437
15,5,500,10000,400000,0.007381,0.591222,0.032275,0.630878
15,6,500,10000,400000,0.007937,0.602225,0.032275,0.642437
15,7,500,10000,400000,0.007418,0.596761,0.032276,0.636456
15,8,500,10000,400000,0.007296,0.604796,0.032277,0.644369
15,9,500,10000,400000,0.007389,0.601497,0.032246,0.641132
15,10,500,10000,400000,0.007366,0.612693,0.032281,0.652340
15,11,500,10000,400000,0.007229,0.597379,0.032298,0.636906
15,12,500,10000,400000,0.006595,0.578453,0.032305,0.617354
15,13,500,10000,400000,0.007444,0.574290,0.032293,0.614027
15,14,500,10000,400000,0.007281,0.550999,0.032368,0.590648
15,0,500,10000,4000000,0.019852,7.214763,0.037543,7.272158
15,1,500,10000,4000000,0.008595,7.064443,0.041287,7.114325
15,2,500,10000,4000000,0.007231,7.231505,0.035288,7.274024
15,3,500,10000,4000000,0.008831,7.091771,0.040829,7.141430
15,4,500,10000,4000000,0.006335,6.880757,0.035350,6.922442
15,5,500,10000,4000000,0.007097,7.344498,0.034014,7.385609
15,6,500,10000,4000000,0.006741,7.323448,0.033854,7.364044
15,7,500,10000,4000000,0.006778,7.145479,0.035732,7.187989
15,8,500,10000,4000000,0.005155,6.812060,0.041629,6.858843
15,9,500,10000,4000000,0.005545,6.912147,0.041048,6.958740
15,10,500,10000,4000000,0.009636,6.465367,0.047566,6.522568
15,11,500,10000,4000000,0.009622,6.328037,0.048657,6.386316
15,12,500,10000,4000000,0.005618,7.055468,0.039857,7.100944
15,13,500,10000,4000000,0.005733,7.125799,0.040461,7.171993
15,14,500,10000,4000000,0.006142,7.375543,0.036412,7.418097
15,0,100,10000,40000000,0.017686,14.412989,0.008419,14.439093
15,1,100,10000,40000000,0.006742,14.807006,0.008109,14.821858
15,2,100,10000,40000000,0.017937,14.506860,0.007961,14.532757
15,3,100,10000,40000000,0.006991,13.702018,0.006845,13.715855
15,4,100,10000,40000000,0.001738,13.945534,0.008432,13.955704
15,5,100,10000,40000000,0.002738,13.341497,0.008427,13.352661
15,6,100,10000,40000000,0.002355,13.844340,0.008456,13.855151
15,7,100,10000,40000000,0.001878,12.236704,0.008183,12.246765
15,8,100,10000,40000000,0.011920,15.700328,0.008498,15.720746
15,9,100,10000,40000000,0.016196,14.209557,0.008444,14.234198
15,10,100,10000,40000000,0.015897,14.099921,0.008488,14.124305
15,11,100,10000,40000000,0.011350,13.430378,0.008506,13.450233
15,12,100,10000,40000000,0.016823,15.677105,0.008395,15.702323
15,13,100,10000,40000000,0.017085,15.501497,0.008379,15.526962
15,14,100,10000,40000000,0.017425,15.592678,0.008359,15.618462
15,0,20,10000,400000000,0.036780,29.589916,0.004582,29.631279
15,1,20,10000,400000000,0.032101,28.510502,0.003958,28.546560
15,2,20,10000,400000000,0.025129,29.291611,0.003677,29.320417
15,3,20,10000,400000000,0.029090,27.489349,0.003347,27.521785
15,4,20,10000,400000000,0.029382,27.913402,0.005445,27.948229
15,5,20,10000,400000000,0.027020,26.011981,0.004750,26.043752
15,6,20,10000,400000000,0.029650,26.688414,0.004149,26.722213
15,7,20,10000,400000000,0.026714,28.911772,0.004924,28.943411
15,8,20,10000,400000000,0.027032,29.053401,0.003276,29.083709
15,9,20,10000,400000000,0.014495,27.475703,0.003982,27.494180
15,10,20,10000,400000000,0.021998,29.138726,0.004006,29.164731
15,11,20,10000,400000000,0.012346,27.225770,0.004016,27.242132
15,12,20,10000,400000000,0.023367,26.415451,0.004062,26.442880
15,13,20,10000,400000000,0.018337,25.648394,0.003298,25.670029
15,14,20,10000,400000000,0.020845,24.690610,0.004114,24.715569
15,0,5000,50000,4,0.038361,0.007614,0.522198,0.568173
15,1,5000,50000,4,0.038306,0.007498,0.522763,0.568567
15,2,5000,50000,4,0.038802,0.008037,0.522928,0.569767
15,3,5000,50000,4,0.038458,0.008018,0.522877,0.569353
15,4,5000,50000,4,0.038550,0.008006,0.522735,0.569291
15,5,5000,50000,4,0.038978,0.007569,0.522649,0.569197
15,6,5000,50000,4,0.038621,0.008673,0.522922,0.570216
15,7,5000,50000,4,0.039180,0.008272,0.523006,0.570459
15,8,5000,50000,4,0.038537,0.007915,0.522679,0.569131
15,9,5000,50000,4,0.038838,0.007904,0.522702,0.569444
15,10,5000,50000,4,0.037994,0.008032,0.522940,0.568965
15,11,5000,50000,4,0.038591,0.008199,0.522914,0.569704
15,12,5000,50000,4,0.038659,0.008370,0.522856,0.569884
15,13,5000,50000,4,0.038910,0.008352,0.523120,0.570382
15,14,5000,50000,4,0.037920,0.008905,0.523035,0.569859
15,0,5000,50000,400,0.045305,0.009870,0.522247,0.577423
15,1,5000,50000,400,0.043820,0.009155,0.523146,0.576120
15,2,5000,50000,400,0.044117,0.010489,0.523179,0.577785
15,3,5000,50000,400,0.043558,0.010068,0.523097,0.576723
15,4,5000,50000,400,0.044011,0.009242,0.522721,0.575975
15,5,5000,50000,400,0.044241,0.009668,0.522876,0.576785
15,6,5000,50000,400,0.044263,0.010210,0.523239,0.577712
15,7,5000,50000,400,0.043900,0.009832,0.522832,0.576564
15,8,5000,50000,400,0.043823,0.009383,0.522853,0.576059
15,9,5000,50000,400,0.043938,0.009413,0.522452,0.575803
15,10,5000,50000,400,0.043769,0.009867,0.522931,0.576567
15,11,5000,50000,400,0.043967,0.010322,0.523103,0.577392
15,12,5000,50000,400,0.044196,0.009374,0.522920,0.576490
15,13,5000,50000,400,0.044954,0.009350,0.523186,0.577490
15,14,5000,50000,400,0.044297,0.010711,0.523386,0.578393
15,0,5000,50000,4000,0.059993,0.010996,0.523198,0.594187
15,1,5000,50000,4000,0.058881,0.010460,0.523282,0.592624
15,2,5000,50000,4000,0.058181,0.013183,0.523373,0.594738
15,3,5000,50000,4000,0.058007,0.014295,0.523381,0.595683
15,4,5000,50000,4000,0.058549,0.010887,0.523111,0.592547
15,5,5000,50000,4000,0.057590,0.011247,0.523181,0.592019
15,6,5000,50000,4000,0.058439,0.012238,0.523441,0.594118
15,7,5000,50000,4000,0.060685,0.015481,0.522419,0.598585
15,8,5000,50000,4000,0.059909,0.010888,0.523365,0.594162
15,9,5000,50000,4000,0.058381,0.011077,0.523108,0.592566
15,10,5000,50000,4000,0.058731,0.013074,0.523522,0.595326
15,11,5000,50000,4000,0.058500,0.013652,0.523261,0.595413
15,12,5000,50000,4000,0.061130,0.012636,0.523716,0.597482
15,13,5000,50000,4000,0.062382,0.012864,0.523578,0.598824
15,14,5000,50000,4000,0.059947,0.016486,0.523840,0.600273
15,0,500,50000,40000,0.018458,0.095689,0.051695,0.165842
15,1,500,50000,40000,0.018419,0.094735,0.052406,0.165559
15,2,500,50000,40000,0.018682,0.095431,0.052321,0.166434
15,3,500,50000,40000,0.019420,0.095281,0.052401,0.167103
15,4,500,50000,40000,0.019810,0.094397,0.052350,0.166557
15,5,500,50000,40000,0.018888,0.094438,0.052400,0.165726
15,6,500,50000,40000,0.018798,0.094543,0.052364,0.165705
15,7,500,50000,40000,0.019324,0.094537,0.052412,0.166273
15,8,500,50000,40000,0.018980,0.095820,0.052438,0.167238
15,9,500,50000,40000,0.018155,0.094228,0.052295,0.164678
15,10,500,50000,40000,0.018297,0.094794,0.052355,0.165447
15,11,500,50000,40000,0.018944,0.095008,0.052438,0.166391
15,12,500,50000,40000,0.023581,0.097271,0.052453,0.173305
15,13,500,50000,40000,0.023178,0.096707,0.052472,0.172356
15,14,500,50000,40000,0.022875,0.094857,0.052443,0.170175
15,0,500,50000,400000,0.010035,0.525965,0.052296,0.588296
15,1,500,50000,400000,0.006395,0.535039,0.052322,0.593755
15,2,500,50000,400000,0.006706,0.552539,0.052332,0.611577
15,3,500,50000,400000,0.006466,0.533514,0.052329,0.592310
15,4,500,50000,400000,0.007311,0.540863,0.052331,0.600505
15,5,500,50000,400000,0.007168,0.527045,0.052336,0.586549
15,6,500,50000,400000,0.007199,0.542532,0.052344,0.602075
15,7,500,50000,400000,0.007181,0.563989,0.052316,0.623487
15,8,500,50000,400000,0.007614,0.517870,0.052311,0.577795
15,9,500,50000,400000,0.007716,0.533035,0.052325,0.593077
15,10,500,50000,400000,0.007914,0.532593,0.052343,0.592851
15,11,500,50000,400000,0.007667,0.517298,0.052311,0.577276
15,12,500,50000,400000,0.008014,0.573641,0.052362,0.634016
15,13,500,50000,400000,0.006127,0.595888,0.052347,0.654361
15,14,500,50000,400000,0.008194,0.598636,0.052389,0.659220
15,0,500,50000,4000000,0.008424,7.246362,0.055442,7.310228
15,1,500,50000,4000000,0.007311,6.801106,0.056373,6.864790
15,2,500,50000,4000000,0.008799,7.348842,0.053729,7.411371
15,3,500,50000,4000000,0.007502,7.190232,0.054832,7.252565
15,4,500,50000,4000000,0.007629,6.904476,0.057787,6.969892
15,5,500,50000,4000000,0.008144,7.118267,0.055151,7.181561
15,6,500,50000,4000000,0.007569,6.948308,0.056546,7.012423
15,7,500,50000,4000000,0.007900,7.193993,0.053804,7.255697
15,8,500,50000,4000000,0.009700,7.275714,0.056151,7.341564
15,9,500,50000,4000000,0.009468,6.706041,0.057505,6.773014
15,10,500,50000,4000000,0.009633,6.646503,0.060325,6.716461
15,11,500,50000,4000000,0.010030,7.382015,0.054996,7.447042
15,12,500,50000,4000000,0.008370,7.199581,0.053759,7.261711
15,13,500,50000,4000000,0.006055,7.481388,0.054626,7.542070
15,14,500,50000,4000000,0.005991,7.273482,0.054031,7.333504
15,0,100,50000,40000000,0.001520,14.446217,0.012792,14.460529
15,1,100,50000,40000000,0.001868,14.969460,0.012788,14.984116
15,2,100,50000,40000000,0.002483,14.732370,0.013319,14.748173
15,3,100,50000,40000000,0.002078,14.114820,0.013277,14.130175
15,4,100,50000,40000000,0.009791,14.557594,0.012743,14.580128
15,5,100,50000,40000000,0.009520,15.166990,0.013346,15.189856
15,6,100,50000,40000000,0.005402,15.265372,0.013349,15.284123
15,7,100,50000,40000000,0.014182,15.442329,0.012776,15.469287
15,8,100,50000,40000000,0.002849,13.535635,0.013280,13.551764
15,9,100,50000,40000000,0.003488,14.483433,0.013162,14.500083
15,10,100,50000,40000000,0.003734,13.091472,0.013262,13.108468
15,11,100,50000,40000000,0.003102,13.046664,0.013234,13.063001
15,12,100,50000,40000000,0.004540,14.659965,0.013283,14.677788
15,13,100,50000,40000000,0.004927,15.076272,0.011171,15.092370
15,14,100,50000,40000000,0.004207,14.542271,0.013224,14.559703
15,0,20,50000,400000000,0.026385,24.848236,0.003721,24.878342
15,1,20,50000,400000000,0.017901,25.926396,0.003008,25.947305
15,2,20,50000,400000000,0.020013,25.799630,0.003720,25.823363
15,3,20,50000,400000000,0.018229,25.851960,0.003016,25.873205
15,4,20,50000,400000000,0.035256,24.224332,0.002972,24.262559
15,5,20,50000,400000000,0.037901,22.557902,0.002982,22.598785
15,6,20,50000,400000000,0.037870,23.743899,0.002933,23.784703
15,7,20,50000,400000000,0.035172,26.992766,0.002975,27.030912
15,8,20,50000,400000000,0.018127,27.467096,0.002990,27.488212
15,9,20,50000,400000000,0.023729,28.424775,0.003601,28.452104
15,10,20,50000,400000000,0.015567,27.408624,0.002963,27.427154
15,11,20,50000,400000000,0.031813,28.744913,0.003580,28.780307
15,12,20,50000,400000000,0.015365,27.787566,0.003730,27.806662
15,13,20,50000,400000000,0.018317,27.843518,0.003664,27.865499
15,14,20,50000,400000000,0.010278,25.878035,0.003644,25.891958
15,0,5000,100000,4,0.038382,0.007729,0.772511,0.818622
15,1,5000,100000,4,0.038338,0.007861,0.772922,0.819121
15,2,5000,100000,4,0.038289,0.007611,0.773089,0.818988
15,3,5000,100000,4,0.038267,0.008103,0.772787,0.819156
15,4,5000,100000,4,0.038242,0.007564,0.772719,0.818525
15,5,5000,100000,4,0.038801,0.007550,0.772777,0.819128
15,6,5000,100000,4,0.038217,0.008220,0.773197,0.819635
15,7,5000,100000,4,0.038689,0.008170,0.773099,0.819957
15,8,5000,100000,4,0.038700,0.007658,0.772788,0.819146
15,9,5000,100000,4,0.038451,0.007866,0.772424,0.818740
15,10,5000,100000,4,0.039075,0.008255,0.773070,0.820399
15,11,5000,100000,4,0.038506,0.008065,0.773209,0.819780
15,12,5000,100000,4,0.037456,0.007844,0.772896,0.818197
15,13,5000,100000,4,0.037404,0.007823,0.773046,0.818273
15,14,5000,100000,4,0.038137,0.008674,0.773178,0.819989
15,0,5000,100000,400,0.033504,0.028435,0.772679,0.834618
15,1,5000,100000,400,0.033022,0.028956,0.773161,0.835139
15,2,5000,100000,400,0.033175,0.028166,0.773182,0.834523
15,3,5000,100000,400,0.032841,0.028251,0.773119,0.834211
15,4,5000,100000,400,0.033436,0.028355,0.772932,0.834723
15,5,5000,100000,400,0.033821,0.028621,0.773241,0.835683
15,6,5000,100000,400,0.033564,0.027640,0.773174,0.834377
15,7,5000,100000,400,0.033910,0.030342,0.773062,0.837314
15,8,5000,100000,400,0.033763,0.028984,0.773042,0.835789
15,9,5000,100000,400,0.033461,0.028457,0.772808,0.834726
15,10,5000,100000,400,0.033680,0.028560,0.773222,0.835462
15,11,5000,100000,400,0.034296,0.027056,0.773365,0.834717
15,12,5000,100000,400,0.034174,0.027905,0.773081,0.835161
15,13,5000,100000,400,0.034349,0.029698,0.773181,0.837227
15,14,5000,100000,400,0.034271,0.029621,0.773469,0.837361
15,0,5000,100000,4000,0.040156,0.059761,0.772990,0.872907
15,1,5000,100000,4000,0.037969,0.058361,0.773405,0.869736
15,2,5000,100000,4000,0.037335,0.058118,0.773276,0.868729
15,3,5000,100000,4000,0.037298,0.059832,0.773269,0.870400
15,4,5000,100000,4000,0.038820,0.057069,0.772889,0.868778
15,5,5000,100000,4000,0.040569,0.057395,0.773631,0.871596
15,6,5000,100000,4000,0.038514,0.058483,0.773329,0.870326
15,7,5000,100000,4000,0.039898,0.067035,0.773181,0.880114
15,8,5000,100000,4000,0.040782,0.060874,0.773203,0.874859
15,9,5000,100000,4000,0.040464,0.063429,0.773248,0.877141
15,10,5000,100000,4000,0.039980,0.060485,0.773324,0.873788
15,11,5000,100000,4000,0.039401,0.058044,0.773460,0.870905
15,12,5000,100000,4000,0.040564,0.061295,0.773359,0.875218
15,13,5000,100000,4000,0.041161,0.062991,0.773312,0.877464
15,14,5000,100000,4000,0.040583,0.061228,0.773527,0.875338
15,0,500,100000,40000,0.007182,0.081171,0.077193,0.165546
15,1,500,100000,40000,0.007132,0.072966,0.077406,0.157503
15,2,500,100000,40000,0.007315,0.085273,0.077428,0.170016
15,3,500,100000,40000,0.007265,0.076297,0.077417,0.160980
15,4,500,100000,40000,0.007573,0.092401,0.077387,0.177361
15,5,500,100000,40000,0.007332,0.088482,0.077392,0.173206
15,6,500,100000,40000,0.007378,0.077037,0.077364,0.161779
15,7,500,100000,40000,0.007375,0.094047,0.077408,0.178831
15,8,500,100000,40000,0.007773,0.101690,0.077391,0.186854
15,9,500,100000,40000,0.007533,0.099898,0.077308,0.184739
15,10,500,100000,40000,0.007297,0.096093,0.077402,0.180793
15,11,500,100000,40000,0.007199,0.103807,0.077427,0.188434
15,12,500,100000,40000,0.007463,0.091390,0.077384,0.176237
15,13,500,100000,40000,0.007620,0.090267,0.077426,0.175313
15,14,500,100000,40000,0.007191,0.092426,0.077429,0.177046
15,0,500,100000,400000,0.008334,0.548825,0.077302,0.634461
15,1,500,100000,400000,0.006218,0.538154,0.077347,0.621718
15,2,500,100000,400000,0.006065,0.525849,0.077404,0.609318
15,3,500,100000,400000,0.006020,0.527374,0.077364,0.610758
15,4,500,100000,400000,0.007673,0.527693,0.077336,0.612701
15,5,500,100000,400000,0.007782,0.529484,0.077366,0.614632
15,6,500,100000,400000,0.007381,0.545758,0.077393,0.630532
15,7,500,100000,400000,0.007053,0.527594,0.077342,0.611989
15,8,500,100000,400000,0.006905,0.536641,0.077357,0.620904
15,9,500,100000,400000,0.006759,0.545189,0.077353,0.629301
15,10,500,100000,400000,0.007962,0.507667,0.077404,0.593033
15,11,500,100000,400000,0.008336,0.534874,0.077382,0.620592
15,12,500,100000,400000,0.006920,0.548787,0.077352,0.633059
15,13,500,100000,400000,0.006865,0.563873,0.077357,0.648095
15,14,500,100000,400000,0.006889,0.557674,0.077421,0.641984
15,0,500,100000,4000000,0.012283,6.937302,0.080984,7.030569
15,1,500,100000,4000000,0.006317,6.499752,0.084119,6.590188
15,2,500,100000,4000000,0.004919,6.597737,0.084559,6.687215
15,3,500,100000,4000000,0.004817,6.492038,0.086164,6.583018
15,4,500,100000,4000000,0.008373,6.829191,0.079237,6.916802
15,5,500,100000,4000000,0.008460,7.081492,0.079320,7.169272
15,6,500,100000,4000000,0.008131,6.853491,0.078919,6.940542
15,7,500,100000,4000000,0.008602,6.881295,0.079276,6.969172
15,8,500,100000,4000000,0.010103,7.685037,0.078081,7.773221
15,9,500,100000,4000000,0.010359,7.543618,0.079547,7.633524
15,10,500,100000,4000000,0.009916,7.373575,0.079808,7.463300
15,11,500,100000,4000000,0.010317,7.279967,0.080976,7.371260
15,12,500,100000,4000000,0.009189,7.205482,0.079109,7.293779
15,13,500,100000,4000000,0.009241,7.307363,0.078488,7.395092
15,14,500,100000,4000000,0.008959,7.253873,0.078402,7.341234
15,0,100,100000,40000000,0.001913,13.829639,0.020023,13.851575
15,1,100,100000,40000000,0.002105,12.797599,0.020137,12.819842
15,2,100,100000,40000000,0.001591,13.991549,0.019976,14.013116
15,3,100,100000,40000000,0.002493,12.773548,0.020091,12.796132
15,4,100,100000,40000000,0.006361,11.989014,0.020104,12.015479
15,5,100,100000,40000000,0.012241,13.991905,0.019170,14.023317
15,6,100,100000,40000000,0.022931,14.094117,0.019145,14.136194
15,7,100,100000,40000000,0.022540,14.302091,0.019265,14.343896
15,8,100,100000,40000000,0.010894,15.243977,0.020061,15.274932
15,9,100,100000,40000000,0.012095,14.158190,0.020085,14.190369
15,10,100,100000,40000000,0.011900,14.951412,0.020043,14.983355
15,11,100,100000,40000000,0.011163,14.628118,0.020094,14.659375
15,12,100,100000,40000000,0.018165,14.344268,0.019859,14.382293
15,13,100,100000,40000000,0.011389,13.944722,0.019834,13.975945
15,14,100,100000,40000000,0.022319,15.037873,0.019242,15.079434
15,0,20,100000,400000000,0.027986,22.028738,0.005941,22.062665
15,1,20,100000,400000000,0.024176,26.550098,0.005388,26.579662
15,2,20,100000,400000000,0.029640,24.721868,0.005997,24.757506
15,3,20,100000,400000000,0.030475,27.629848,0.006007,27.666330
15,4,20,100000,400000000,0.025938,25.340498,0.005944,25.372381
15,5,20,100000,400000000,0.028250,26.967560,0.005220,27.001029
15,6,20,100000,400000000,0.029191,24.989459,0.005964,25.024614
15,7,20,100000,400000000,0.030471,28.041761,0.005972,28.078205
15,8,20,100000,400000000,0.026170,27.161379,0.006008,27.193557
15,9,20,100000,400000000,0.028438,24.963024,0.005968,24.997431
15,10,20,100000,400000000,0.031745,26.739764,0.006045,26.777554
15,11,20,100000,400000000,0.031070,27.265663,0.006038,27.302771
15,12,20,100000,400000000,0.030839,22.934640,0.006044,22.971523
15,13,20,100000,400000000,0.027986,26.171122,0.006071,26.205179
15,14,20,100000,400000000,0.028074,24.605536,0.005950,24.639560
15,0,5000,500000,4,0.037446,0.008006,2.773374,2.818825
15,1,5000,500000,4,0.037763,0.007903,2.773759,2.819426
15,2,5000,500000,4,0.037607,0.008203,2.773741,2.819551
15,3,5000,500000,4,0.036767,0.008570,2.773685,2.819022
15,4,5000,500000,4,0.037437,0.007820,2.773677,2.818933
15,5,5000,500000,4,0.037648,0.007851,2.773649,2.819149
15,6,5000,500000,4,0.037390,0.008558,2.773577,2.819525
15,7,5000,500000,4,0.037712,0.008348,2.773499,2.819559
15,8,5000,500000,4,0.038012,0.008037,2.773332,2.819380
15,9,5000,500000,4,0.037638,0.008013,2.773286,2.818938
15,10,5000,500000,4,0.037753,0.008509,2.773517,2.819780
15,11,5000,500000,4,0.037646,0.008111,2.773529,2.819286
15,12,5000,500000,4,0.036409,0.008097,2.773761,2.818267
15,13,5000,500000,4,0.037463,0.008457,2.773760,2.819681
15,14,5000,500000,4,0.036876,0.008863,2.773971,2.819710
15,0,5000,500000,400,0.032882,0.031730,2.773464,2.838076
15,1,5000,500000,400,0.032466,0.030334,2.773943,2.836743
15,2,5000,500000,400,0.032355,0.029232,2.773870,2.835456
15,3,5000,500000,400,0.032028,0.030007,2.773781,2.835816
15,4,5000,500000,400,0.032738,0.030117,2.773728,2.836583
15,5,5000,500000,400,0.032484,0.030342,2.773845,2.836671
15,6,5000,500000,400,0.032207,0.029594,2.773728,2.835530
15,7,5000,500000,400,0.032297,0.032267,2.773634,2.838198
15,8,5000,500000,400,0.032741,0.029681,2.773613,2.836035
15,9,5000,500000,400,0.032381,0.031112,2.773601,2.837093
15,10,5000,500000,400,0.032248,0.030088,2.773741,2.836077
15,11,5000,500000,400,0.032684,0.030154,2.773661,2.836498
15,12,5000,500000,400,0.032619,0.031156,2.773851,2.837626
15,13,5000,500000,400,0.033449,0.031073,2.774156,2.838679
15,14,5000,500000,400,0.032971,0.030315,2.774096,2.837381
15,0,5000,500000,4000,0.041825,0.062231,2.773771,2.877826
15,1,5000,500000,4000,0.039362,0.056714,2.774244,2.870320
15,2,5000,500000,4000,0.039272,0.057232,2.774049,2.870553
15,3,5000,500000,4000,0.040080,0.063647,2.773821,2.877548
15,4,5000,500000,4000,0.040770,0.058891,2.773849,2.873510
15,5,5000,500000,4000,0.040905,0.058549,2.774044,2.873498
15,6,5000,500000,4000,0.040257,0.057885,2.773874,2.872016
15,7,5000,500000,4000,0.040926,0.062921,2.773736,2.877582
15,8,5000,500000,4000,0.040923,0.061917,2.773725,2.876565
15,9,5000,500000,4000,0.041317,0.060554,2.773996,2.875866
15,10,5000,500000,4000,0.040860,0.062607,2.774169,2.877636
15,11,5000,500000,4000,0.040164,0.062438,2.773808,2.876409
15,12,5000,500000,4000,0.041089,0.061108,2.774276,2.876474
15,13,5000,500000,4000,0.040712,0.065788,2.774185,2.880685
15,14,5000,500000,4000,0.041060,0.059148,2.774268,2.874476
15,0,500,500000,40000,0.008496,0.081848,0.277356,0.367700
15,1,500,500000,40000,0.007889,0.076558,0.277453,0.361900
15,2,500,500000,40000,0.008116,0.077942,0.277483,0.363541
15,3,500,500000,40000,0.008067,0.083500,0.277453,0.369020
15,4,500,500000,40000,0.008762,0.084244,0.277481,0.370486
15,5,500,500000,40000,0.008340,0.089528,0.277476,0.375345
15,6,500,500000,40000,0.008393,0.087500,0.277488,0.373381
15,7,500,500000,40000,0.008711,0.087218,0.277478,0.373408
15,8,500,500000,40000,0.008641,0.079952,0.277459,0.366051
15,9,500,500000,40000,0.008305,0.074430,0.277383,0.360118
15,10,500,500000,40000,0.008467,0.079779,0.277466,0.365712
15,11,500,500000,40000,0.008645,0.086228,0.277457,0.372329
15,12,500,500000,40000,0.008659,0.082021,0.277514,0.368194
15,13,500,500000,40000,0.008815,0.088839,0.277508,0.375162
15,14,500,500000,40000,0.009110,0.098899,0.277541,0.385550
15,0,500,500000,400000,0.013157,0.402682,0.277429,0.693268
15,1,500,500000,400000,0.005831,0.358345,0.277466,0.641643
15,2,500,500000,400000,0.006070,0.395257,0.277482,0.678808
15,3,500,500000,400000,0.006136,0.395527,0.277440,0.679102
15,4,500,500000,400000,0.008250,0.397251,0.277447,0.682948
15,5,500,500000,400000,0.007177,0.374867,0.277471,0.659514
15,6,500,500000,400000,0.007432,0.393438,0.277475,0.678345
15,7,500,500000,400000,0.008245,0.421655,0.277436,0.707335
15,8,500,500000,400000,0.007268,0.392256,0.277443,0.676967
15,9,500,500000,400000,0.006987,0.430315,0.277408,0.714710
15,10,500,500000,400000,0.006692,0.397013,0.277491,0.681196
15,11,500,500000,400000,0.007536,0.406808,0.277430,0.691774
15,12,500,500000,400000,0.008189,0.417457,0.277466,0.703113
15,13,500,500000,400000,0.008231,0.429843,0.277470,0.715544
15,14,500,500000,400000,0.007575,0.425168,0.277510,0.710253
15,0,500,500000,4000000,0.006949,6.573293,0.278223,6.858466
15,1,500,500000,4000000,0.005405,6.028183,0.278324,6.311912
15,2,500,500000,4000000,0.006672,6.171030,0.278486,6.456188
15,3,500,500000,4000000,0.013555,6.226571,0.278121,6.518246
15,4,500,500000,4000000,0.009955,6.519593,0.278435,6.807984
15,5,500,500000,4000000,0.009748,6.611279,0.277841,6.898868
15,6,500,500000,4000000,0.009211,6.067059,0.278624,6.354893
15,7,500,500000,4000000,0.009985,6.720478,0.277847,7.008310
15,8,500,500000,4000000,0.012097,6.243284,0.277844,6.533224
15,9,500,500000,4000000,0.012398,6.474186,0.277778,6.764362
15,10,500,500000,4000000,0.012083,6.417841,0.277856,6.707780
15,11,500,500000,4000000,0.012391,6.446974,0.277823,6.737188
15,12,500,500000,4000000,0.007964,6.423829,0.277941,6.709734
15,13,500,500000,4000000,0.011162,6.649836,0.277839,6.938837
15,14,500,500000,4000000,0.010942,6.646290,0.277937,6.935170
15,0,100,500000,40000000,0.012921,15.071175,0.056821,15.140917
15,1,100,500000,40000000,0.013404,13.008824,0.056896,13.079124
15,2,100,500000,40000000,0.012461,13.709222,0.056447,13.778129
15,3,100,500000,40000000,0.013094,13.383766,0.056819,13.453678
15,4,100,500000,40000000,0.002442,15.142324,0.056716,15.201482
15,5,100,500000,40000000,0.001490,15.271847,0.056590,15.329927
15,6,100,500000,40000000,0.001847,14.801351,0.056558,14.859756
15,7,100,500000,40000000,0.002051,14.522411,0.056523,14.580985
15,8,100,500000,40000000,0.003141,14.754450,0.056842,14.814434
15,9,100,500000,40000000,0.003710,14.553496,0.056698,14.613904
15,10,100,500000,40000000,0.003344,13.589919,0.056776,13.650039
15,11,100,500000,40000000,0.002774,14.250494,0.056726,14.309994
15,12,100,500000,40000000,0.008252,15.145225,0.056535,15.210012
15,13,100,500000,40000000,0.017936,15.399047,0.056518,15.473501
15,14,100,500000,40000000,0.004099,14.967714,0.056551,15.028364
15,0,20,500000,400000000,0.023246,25.163100,0.011135,25.197481
15,1,20,500000,400000000,0.021378,23.979941,0.011143,24.012462
15,2,20,500000,400000000,0.019598,24.582452,0.011382,24.613432
15,3,20,500000,400000000,0.021676,24.430099,0.011433,24.463209
15,4,20,500000,400000000,0.022779,22.331556,0.011759,22.366094
15,5,20,500000,400000000,0.035026,23.935423,0.011808,23.982257
15,6,20,500000,400000000,0.036849,27.658867,0.011817,27.707532
15,7,20,500000,400000000,0.037122,25.725467,0.011807,25.774396
15,8,20,500000,400000000,0.029612,19.944816,0.011808,19.986237
15,9,20,500000,400000000,0.037965,23.874773,0.011822,23.924560
15,10,20,500000,400000000,0.034662,22.792825,0.011794,22.839282
15,11,20,500000,400000000,0.032050,22.788826,0.011538,22.832415
15,12,20,500000,400000000,0.019263,23.073082,0.011498,23.103844
15,13,20,500000,400000000,0.021838,21.926444,0.011512,21.959793
15,14,20,500000,400000000,0.024312,22.645021,0.011494,22.680827
