15,0,5000,100,4,0.038903,0.007781,0.271685,0.318370
15,1,5000,100,4,0.039091,0.007628,0.271949,0.318668
15,2,5000,100,4,0.039082,0.008343,0.272037,0.319462
15,3,5000,100,4,0.039351,0.007796,0.272084,0.319231
15,4,5000,100,4,0.039442,0.007859,0.271968,0.319269
15,5,5000,100,4,0.039477,0.008102,0.272113,0.319692
15,6,5000,100,4,0.039312,0.008301,0.272203,0.319817
15,7,5000,100,4,0.038652,0.007646,0.272184,0.318481
15,8,5000,100,4,0.039587,0.007766,0.272233,0.319586
15,9,5000,100,4,0.039775,0.008038,0.272032,0.319844
15,10,5000,100,4,0.039859,0.008101,0.272387,0.320347
15,11,5000,100,4,0.039746,0.008021,0.272242,0.320009
15,12,5000,100,4,0.039338,0.008087,0.272696,0.320122
15,13,5000,100,4,0.039600,0.007702,0.272998,0.320300
15,14,5000,100,4,0.038715,0.008605,0.272601,0.319921
15,0,5000,100,400,0.029923,0.032639,0.271260,0.333823
15,1,5000,100,400,0.030808,0.031690,0.271805,0.334304
15,2,5000,100,400,0.030405,0.031679,0.272272,0.334355
15,3,5000,100,400,0.030348,0.032358,0.271726,0.334432
15,4,5000,100,400,0.030028,0.030751,0.271862,0.332641
15,5,5000,100,400,0.030423,0.032334,0.271729,0.334486
15,6,5000,100,400,0.029989,0.032971,0.271700,0.334659
15,7,5000,100,400,0.030242,0.031721,0.272042,0.334004
15,8,5000,100,400,0.030674,0.030610,0.272941,0.334225
15,9,5000,100,400,0.030587,0.032254,0.271530,0.334371
15,10,5000,100,400,0.030408,0.032699,0.271743,0.334849
15,11,5000,100,400,0.031383,0.031729,0.271684,0.334797
15,12,5000,100,400,0.030709,0.033349,0.271774,0.335832
15,13,5000,100,400,0.031623,0.031158,0.272396,0.335177
15,14,5000,100,400,0.030676,0.032510,0.271995,0.335182
15,0,5000,100,4000,0.055568,0.016131,0.271588,0.343287
15,1,5000,100,4000,0.057657,0.016787,0.271694,0.346138
15,2,5000,100,4000,0.056462,0.018170,0.272167,0.346799
15,3,5000,100,4000,0.054517,0.017425,0.272164,0.344107
15,4,5000,100,4000,0.058200,0.015949,0.271743,0.345892
15,5,5000,100,4000,0.056204,0.015974,0.271905,0.344083
15,6,5000,100,4000,0.058006,0.020076,0.271820,0.349902
15,7,5000,100,4000,0.056438,0.017692,0.272237,0.346367
15,8,5000,100,4000,0.060212,0.017080,0.272168,0.349460
15,9,5000,100,4000,0.057684,0.017444,0.271733,0.346861
15,10,5000,100,4000,0.055829,0.017566,0.272107,0.345503
15,11,5000,100,4000,0.056521,0.017919,0.272498,0.346938
15,12,5000,100,4000,0.057575,0.016915,0.272330,0.346820
15,13,5000,100,4000,0.060376,0.015706,0.272874,0.348957
15,14,5000,100,4000,0.058355,0.020173,0.272053,0.350582
15,0,500,100,40000,0.010636,0.039504,0.027061,0.077201
15,1,500,100,40000,0.011558,0.041353,0.027382,0.080293
15,2,500,100,40000,0.011600,0.041038,0.027248,0.079886
15,3,500,100,40000,0.011707,0.038831,0.027438,0.077975
15,4,500,100,40000,0.011363,0.040456,0.027329,0.079148
15,5,500,100,40000,0.011507,0.039033,0.027297,0.077836
15,6,500,100,40000,0.011825,0.039989,0.027358,0.079172
15,7,500,100,40000,0.011555,0.039756,0.027263,0.078573
15,8,500,100,40000,0.012484,0.039965,0.027280,0.079730
15,9,500,100,40000,0.012101,0.041024,0.027053,0.080178
15,10,500,100,40000,0.012646,0.040810,0.027224,0.080679
15,11,500,100,40000,0.012298,0.039325,0.027297,0.078920
15,12,500,100,40000,0.013752,0.044513,0.027331,0.085597
15,13,500,100,40000,0.013172,0.043034,0.027540,0.083746
15,14,500,100,40000,0.012984,0.043308,0.027358,0.083650
15,0,500,100,400000,0.006124,0.533769,0.027212,0.567104
15,1,500,100,400000,0.007011,0.558794,0.027207,0.593011
15,2,500,100,400000,0.006374,0.547467,0.027198,0.581038
15,3,500,100,400000,0.009338,0.521060,0.027231,0.557628
15,4,500,100,400000,0.006659,0.580448,0.027220,0.614327
15,5,500,100,400000,0.007564,0.584633,0.027224,0.619420
15,6,500,100,400000,0.007567,0.617164,0.027218,0.651949
15,7,500,100,400000,0.006547,0.571914,0.027185,0.605645
15,8,500,100,400000,0.006942,0.581758,0.027288,0.615988
15,9,500,100,400000,0.007270,0.580152,0.027204,0.614626
15,10,500,100,400000,0.007170,0.560962,0.027293,0.595426
15,11,500,100,400000,0.006642,0.551056,0.027236,0.584934
15,12,500,100,400000,0.009552,0.554432,0.027219,0.591202
15,13,500,100,400000,0.006640,0.557886,0.027255,0.591781
15,14,500,100,400000,0.006385,0.545243,0.027235,0.578863
15,0,500,100,4000000,0.010285,6.739883,0.036820,6.786989
15,1,500,100,4000000,0.009255,7.050469,0.036032,7.095756
15,2,500,100,4000000,0.010274,6.930615,0.033409,6.974298
15,3,500,100,4000000,0.008577,6.493622,0.040586,6.542785
15,4,500,100,4000000,0.007870,6.786829,0.032005,6.826704
15,5,500,100,4000000,0.007722,6.791026,0.036573,6.835321
15,6,500,100,4000000,0.007645,6.702860,0.035287,6.745792
15,7,500,100,4000000,0.007189,6.706147,0.034893,6.748229
15,8,500,100,4000000,0.008763,7.342362,0.028620,7.379746
15,9,500,100,4000000,0.008610,7.021022,0.035724,7.065356
15,10,500,100,4000000,0.009113,7.332199,0.030503,7.371815
15,11,500,100,4000000,0.008675,7.106967,0.031309,7.146951
15,12,500,100,4000000,0.006115,7.171040,0.032699,7.209854
15,13,500,100,4000000,0.006155,7.057158,0.032259,7.095572
15,14,500,100,4000000,0.006237,6.975371,0.038486,7.020094
15,0,100,100,40000000,0.005892,14.954289,0.012215,14.972397
15,1,100,100,40000000,0.006577,13.879766,0.011047,13.897390
15,2,100,100,40000000,0.006217,14.088867,0.011990,14.107073
15,3,100,100,40000000,0.006971,14.541350,0.011908,14.560228
15,4,100,100,40000000,0.009364,15.121884,0.012452,15.143700
15,5,100,100,40000000,0.009904,14.703788,0.012593,14.726285
15,6,100,100,40000000,0.008969,14.736189,0.012469,14.757627
15,7,100,100,40000000,0.009654,14.242517,0.012440,14.264611
15,8,100,100,40000000,0.008657,15.716134,0.012777,15.737568
15,9,100,100,40000000,0.008284,15.299375,0.013359,15.321018
15,10,100,100,40000000,0.007518,15.504390,0.012700,15.524608
15,11,100,100,40000000,0.007884,15.356800,0.012460,15.377143
15,12,100,100,40000000,0.005537,14.577158,0.013221,14.595916
15,13,100,100,40000000,0.001483,13.465373,0.012597,13.479452
15,14,100,100,40000000,0.010149,13.650542,0.012226,13.672917
15,0,20,100,400000000,0.031561,23.107213,0.003485,23.142259
15,1,20,100,400000000,0.028555,26.588921,0.003494,26.620970
15,2,20,100,400000000,0.028367,21.996624,0.002966,22.027956
15,3,20,100,400000000,0.029288,25.775295,0.003492,25.808075
15,4,20,100,400000000,0.035544,26.490481,0.002877,26.528902
15,5,20,100,400000000,0.031986,24.163078,0.003457,24.198521
15,6,20,100,400000000,0.029829,25.436888,0.002952,25.469670
15,7,20,100,400000000,0.035730,26.034620,0.002866,26.073217
15,8,20,100,400000000,0.028902,24.773274,0.003447,24.805623
15,9,20,100,400000000,0.023483,23.818655,0.002718,23.844855
15,10,20,100,400000000,0.023647,27.868398,0.001903,27.893948
15,11,20,100,400000000,0.021193,26.834721,0.001875,26.857789
15,12,20,100,400000000,0.023809,22.197864,0.002914,22.224588
15,13,20,100,400000000,0.024003,21.445810,0.002918,21.472732
15,14,20,100,400000000,0.021375,22.029785,0.003464,22.054624
15,0,5000,500,4,0.034445,0.016397,0.272967,0.323810
15,1,5000,500,4,0.034308,0.015509,0.274203,0.324020
15,2,5000,500,4,0.034003,0.015564,0.274266,0.323833
15,3,5000,500,4,0.035152,0.015078,0.274338,0.324568
15,4,5000,500,4,0.034295,0.016044,0.274190,0.324530
15,5,5000,500,4,0.034086,0.014952,0.274724,0.323763
15,6,5000,500,4,0.034293,0.014827,0.274425,0.323545
15,7,5000,500,4,0.034185,0.015193,0.274566,0.323944
15,8,5000,500,4,0.035106,0.015499,0.274175,0.324780
15,9,5000,500,4,0.034718,0.015893,0.273689,0.324300
15,10,5000,500,4,0.034285,0.015997,0.274311,0.324593
15,11,5000,500,4,0.034519,0.016289,0.274215,0.325023
15,12,5000,500,4,0.034395,0.015606,0.274373,0.324374
15,13,5000,500,4,0.034524,0.015223,0.274209,0.323956
15,14,5000,500,4,0.034286,0.016449,0.274520,0.325255
15,0,5000,500,400,0.040083,0.016350,0.273253,0.329685
15,1,5000,500,400,0.041415,0.015250,0.274367,0.331033
15,2,5000,500,400,0.041249,0.015672,0.274637,0.331558
15,3,5000,500,400,0.040568,0.015800,0.274343,0.330711
15,4,5000,500,400,0.040569,0.016475,0.274123,0.331168
15,5,5000,500,400,0.040224,0.016137,0.274230,0.330591
15,6,5000,500,400,0.039963,0.015792,0.274476,0.330231
15,7,5000,500,400,0.040501,0.016776,0.274046,0.331323
15,8,5000,500,400,0.040959,0.016651,0.274492,0.332102
15,9,5000,500,400,0.041105,0.015986,0.274318,0.331409
15,10,5000,500,400,0.040825,0.016776,0.274622,0.332224
15,11,5000,500,400,0.039828,0.017349,0.274700,0.331877
15,12,5000,500,400,0.040179,0.016698,0.274968,0.331844
15,13,5000,500,400,0.041118,0.015738,0.274813,0.331669
15,14,5000,500,400,0.040229,0.018083,0.274875,0.333187
15,0,5000,500,4000,0.059841,0.011020,0.274793,0.345654
15,1,5000,500,4000,0.062525,0.010834,0.275149,0.348509
15,2,5000,500,4000,0.061202,0.013287,0.275250,0.349739
15,3,5000,500,4000,0.060918,0.014001,0.275270,0.350189
15,4,5000,500,4000,0.060637,0.011050,0.275112,0.346799
15,5,5000,500,4000,0.060329,0.010849,0.274799,0.345978
15,6,5000,500,4000,0.060648,0.013724,0.275033,0.349405
15,7,5000,500,4000,0.059796,0.012082,0.275245,0.347123
15,8,5000,500,4000,0.061977,0.012181,0.275182,0.349340
15,9,5000,500,4000,0.060446,0.010998,0.274882,0.346326
15,10,5000,500,4000,0.060366,0.012185,0.276042,0.348593
15,11,5000,500,4000,0.061071,0.014288,0.275309,0.350668
15,12,5000,500,4000,0.061754,0.012091,0.275884,0.349729
15,13,5000,500,4000,0.061592,0.011676,0.275731,0.348999
15,14,5000,500,4000,0.061652,0.016150,0.275520,0.353322
15,0,500,500,40000,0.010290,0.036904,0.027213,0.074407
15,1,500,500,40000,0.010889,0.035454,0.027466,0.073810
15,2,500,500,40000,0.011522,0.038188,0.027600,0.077309
15,3,500,500,40000,0.011013,0.038190,0.027526,0.076728
15,4,500,500,40000,0.012119,0.037646,0.027660,0.077424
15,5,500,500,40000,0.012088,0.036615,0.027544,0.076247
15,6,500,500,40000,0.011669,0.040016,0.027548,0.079233
15,7,500,500,40000,0.011950,0.039526,0.027680,0.079157
15,8,500,500,40000,0.012438,0.039821,0.027485,0.079744
15,9,500,500,40000,0.012098,0.037807,0.027253,0.077158
15,10,500,500,40000,0.012248,0.036245,0.027552,0.076045
15,11,500,500,40000,0.011919,0.039245,0.027533,0.078697
15,12,500,500,40000,0.013059,0.040572,0.027540,0.081172
15,13,500,500,40000,0.012871,0.040738,0.027523,0.081132
15,14,500,500,40000,0.012949,0.042172,0.027575,0.082697
15,0,500,500,400000,0.011995,0.581079,0.027372,0.620445
15,1,500,500,400000,0.012308,0.539923,0.027462,0.579694
15,2,500,500,400000,0.007526,0.619332,0.027410,0.654268
15,3,500,500,400000,0.007373,0.576296,0.027340,0.611009
15,4,500,500,400000,0.008206,0.604020,0.027545,0.639772
15,5,500,500,400000,0.008443,0.616811,0.027529,0.652782
15,6,500,500,400000,0.008209,0.610799,0.027499,0.646508
15,7,500,500,400000,0.008243,0.584187,0.027431,0.619861
15,8,500,500,400000,0.007262,0.602905,0.027400,0.637567
15,9,500,500,400000,0.007257,0.607849,0.027475,0.642581
15,10,500,500,400000,0.006914,0.573250,0.027535,0.607700
15,11,500,500,400000,0.007063,0.613149,0.027486,0.647697
15,12,500,500,400000,0.006369,0.596595,0.027385,0.630350
15,13,500,500,400000,0.006604,0.580905,0.027438,0.614946
15,14,500,500,400000,0.006355,0.614634,0.027426,0.648414
15,0,500,500,4000000,0.006976,7.543758,0.030648,7.581382
15,1,500,500,4000000,0.006251,6.942850,0.037409,6.986510
15,2,500,500,4000000,0.006573,7.253907,0.031067,7.291548
15,3,500,500,4000000,0.006282,7.103990,0.032424,7.142696
15,4,500,500,4000000,0.005431,6.825094,0.042970,6.873495
15,5,500,500,4000000,0.005864,7.123095,0.036534,7.165493
15,6,500,500,4000000,0.005784,6.992963,0.040688,7.039435
15,7,500,500,4000000,0.005954,6.959063,0.041914,7.006931
15,8,500,500,4000000,0.009284,7.434458,0.032408,7.476150
15,9,500,500,4000000,0.010714,7.374931,0.029397,7.415043
15,10,500,500,4000000,0.009240,6.883144,0.033300,6.925684
15,11,500,500,4000000,0.010611,7.161225,0.033130,7.204966
15,12,500,500,4000000,0.005103,6.997762,0.034115,7.036980
15,13,500,500,4000000,0.007714,7.160468,0.033880,7.202062
15,14,500,500,4000000,0.007842,7.212812,0.034409,7.255063
15,0,100,500,40000000,0.007466,14.150284,0.007719,14.165469
15,1,100,500,40000000,0.006607,14.264136,0.007736,14.278479
15,2,100,500,40000000,0.007645,13.345393,0.007033,13.360071
15,3,100,500,40000000,0.006936,13.032563,0.007733,13.047232
15,4,100,500,40000000,0.006162,13.725461,0.007822,13.739445
15,5,100,500,40000000,0.017809,15.402667,0.007178,15.427653
15,6,100,500,40000000,0.005937,14.648318,0.007196,14.661451
15,7,100,500,40000000,0.017439,15.212778,0.007794,15.238011
15,8,100,500,40000000,0.008144,13.514803,0.007646,13.530592
15,9,100,500,40000000,0.008944,15.311696,0.006264,15.326904
15,10,100,500,40000000,0.013157,14.249245,0.006884,14.269285
15,11,100,500,40000000,0.008431,13.186071,0.006913,13.201415
15,12,100,500,40000000,0.022080,15.735173,0.006859,15.764112
15,13,100,500,40000000,0.001928,14.930944,0.007743,14.940616
15,14,100,500,40000000,0.001558,14.778632,0.007043,14.787233
15,0,20,500,400000000,0.030639,24.550903,0.003779,24.585321
15,1,20,500,400000000,0.016578,19.122670,0.002751,19.141999
15,2,20,500,400000000,0.028280,24.043517,0.002944,24.074740
15,3,20,500,400000000,0.019781,25.995059,0.002984,26.017824
15,4,20,500,400000000,0.026136,29.441020,0.002884,29.470040
15,5,20,500,400000000,0.030487,28.957325,0.003656,28.991469
15,6,20,500,400000000,0.028174,27.953637,0.003644,27.985455
15,7,20,500,400000000,0.033781,30.416787,0.002062,30.452630
15,8,20,500,400000000,0.030576,28.661993,0.002932,28.695501
15,9,20,500,400000000,0.033218,27.654677,0.003685,27.691579
15,10,20,500,400000000,0.023368,28.622630,0.002074,28.648071
15,11,20,500,400000000,0.023256,28.076537,0.002096,28.101889
15,12,20,500,400000000,0.038454,27.223359,0.003617,27.265429
15,13,20,500,400000000,0.033216,27.828553,0.003642,27.865410
15,14,20,500,400000000,0.027458,25.091720,0.003626,25.122804
15,0,5000,1000,4,0.040215,0.008127,0.275965,0.324308
15,1,5000,1000,4,0.039902,0.007435,0.276792,0.324129
15,2,5000,1000,4,0.040692,0.008315,0.276889,0.325896
15,3,5000,1000,4,0.039930,0.008096,0.276431,0.324457
15,4,5000,1000,4,0.039541,0.007262,0.276377,0.323179
15,5,5000,1000,4,0.039432,0.007059,0.276594,0.323086
15,6,5000,1000,4,0.039521,0.007897,0.276917,0.324335
15,7,5000,1000,4,0.040023,0.007202,0.276681,0.323906
15,8,5000,1000,4,0.039864,0.007493,0.277809,0.325166
15,9,5000,1000,4,0.039662,0.007845,0.276459,0.323966
15,10,5000,1000,4,0.039654,0.007483,0.276771,0.323909
15,11,5000,1000,4,0.040689,0.007986,0.277200,0.325875
15,12,5000,1000,4,0.038546,0.008021,0.276931,0.323497
15,13,5000,1000,4,0.039229,0.007657,0.276911,0.323797
15,14,5000,1000,4,0.039739,0.008101,0.277152,0.324991
15,0,5000,1000,400,0.034665,0.028726,0.275704,0.339095
15,1,5000,1000,400,0.035007,0.028999,0.276662,0.340668
15,2,5000,1000,400,0.036004,0.026364,0.276895,0.339263
15,3,5000,1000,400,0.035293,0.025946,0.276673,0.337912
15,4,5000,1000,400,0.034879,0.026748,0.276759,0.338385
15,5,5000,1000,400,0.034918,0.027436,0.276558,0.338912
15,6,5000,1000,400,0.034364,0.029174,0.276780,0.340318
15,7,5000,1000,400,0.034699,0.026523,0.277006,0.338227
15,8,5000,1000,400,0.034828,0.026795,0.277742,0.339365
15,9,5000,1000,400,0.035159,0.027763,0.277143,0.340065
15,10,5000,1000,400,0.034886,0.026797,0.277262,0.338945
15,11,5000,1000,400,0.035199,0.028350,0.277198,0.340747
15,12,5000,1000,400,0.034175,0.028108,0.276915,0.339199
15,13,5000,1000,400,0.034533,0.027014,0.277279,0.338827
15,14,5000,1000,400,0.034726,0.028216,0.277102,0.340044
15,0,5000,1000,4000,0.040113,0.063448,0.276171,0.379732
15,1,5000,1000,4000,0.039793,0.057544,0.277451,0.374788
15,2,5000,1000,4000,0.039616,0.057767,0.277168,0.374551
15,3,5000,1000,4000,0.039214,0.058144,0.276843,0.374201
15,4,5000,1000,4000,0.039997,0.058378,0.277299,0.375674
15,5,5000,1000,4000,0.039744,0.057905,0.276681,0.374330
15,6,5000,1000,4000,0.039728,0.063183,0.277099,0.380010
15,7,5000,1000,4000,0.039098,0.059168,0.277205,0.375472
15,8,5000,1000,4000,0.039437,0.059505,0.276804,0.375747
15,9,5000,1000,4000,0.039327,0.058381,0.277056,0.374764
15,10,5000,1000,4000,0.038805,0.060350,0.276702,0.375857
15,11,5000,1000,4000,0.040526,0.059758,0.277526,0.377810
15,12,5000,1000,4000,0.040340,0.060965,0.276745,0.378051
15,13,5000,1000,4000,0.040884,0.058774,0.277218,0.376875
15,14,5000,1000,4000,0.039819,0.065026,0.277069,0.381914
15,0,500,1000,40000,0.018148,0.045146,0.027046,0.090340
15,1,500,1000,40000,0.020635,0.041003,0.027712,0.089351
15,2,500,1000,40000,0.019216,0.043264,0.027734,0.090214
15,3,500,1000,40000,0.020004,0.043412,0.027925,0.091341
15,4,500,1000,40000,0.018990,0.041757,0.027730,0.088477
15,5,500,1000,40000,0.018987,0.045700,0.027808,0.092495
15,6,500,1000,40000,0.019253,0.043252,0.027702,0.090207
15,7,500,1000,40000,0.020818,0.041353,0.027854,0.090026
15,8,500,1000,40000,0.018973,0.044375,0.027940,0.091288
15,9,500,1000,40000,0.019027,0.042712,0.027621,0.089360
15,10,500,1000,40000,0.020401,0.043146,0.027755,0.091301
15,11,500,1000,40000,0.021063,0.042617,0.027850,0.091530
15,12,500,1000,40000,0.022484,0.043312,0.027721,0.093517
15,13,500,1000,40000,0.021483,0.042739,0.028003,0.092224
15,14,500,1000,40000,0.021864,0.043194,0.027983,0.093041
15,0,500,1000,400000,0.006895,0.572857,0.027666,0.607418
15,1,500,1000,400000,0.007049,0.563219,0.027656,0.597924
15,2,500,1000,400000,0.006880,0.558022,0.027731,0.592633
15,3,500,1000,400000,0.006707,0.535241,0.027699,0.569648
15,4,500,1000,400000,0.007349,0.552066,0.027666,0.587081
15,5,500,1000,400000,0.007111,0.506401,0.027677,0.541189
15,6,500,1000,400000,0.007211,0.549954,0.027705,0.584871
15,7,500,1000,400000,0.007143,0.532223,0.027679,0.567045
15,8,500,1000,400000,0.007401,0.579597,0.027670,0.614669
15,9,500,1000,400000,0.007670,0.611902,0.027668,0.647239
15,10,500,1000,400000,0.007210,0.560026,0.027717,0.594954
15,11,500,1000,400000,0.007597,0.590351,0.027721,0.625669
15,12,500,1000,400000,0.006381,0.567850,0.027699,0.601930
15,13,500,1000,400000,0.006519,0.576951,0.027728,0.611198
15,14,500,1000,400000,0.006286,0.573287,0.027672,0.607245
15,0,500,1000,4000000,0.006684,7.038063,0.041045,7.085792
15,1,500,1000,4000000,0.006724,7.315559,0.034791,7.357074
15,2,500,1000,4000000,0.006524,7.427203,0.036898,7.470624
15,3,500,1000,4000000,0.006545,7.225209,0.037158,7.268913
15,4,500,1000,4000000,0.008509,7.419656,0.034219,7.462384
15,5,500,1000,4000000,0.009705,7.342616,0.036194,7.388515
15,6,500,1000,4000000,0.009671,7.480179,0.037047,7.526897
15,7,500,1000,4000000,0.008158,7.212378,0.036025,7.256561
15,8,500,1000,4000000,0.005834,6.835893,0.050221,6.891948
15,9,500,1000,4000000,0.005612,6.620606,0.064739,6.690957
15,10,500,1000,4000000,0.005745,6.642066,0.056178,6.703989
15,11,500,1000,4000000,0.005621,7.017355,0.042865,7.065841
15,12,500,1000,4000000,0.005783,7.723300,0.028376,7.757460
15,13,500,1000,4000000,0.011495,7.443248,0.035109,7.489852
15,14,500,1000,4000000,0.006843,7.427845,0.034825,7.469513
15,0,100,1000,40000000,0.010388,14.830322,0.007342,14.848052
15,1,100,1000,40000000,0.005336,14.987643,0.007946,15.000926
15,2,100,1000,40000000,0.001513,14.565056,0.007928,14.574497
15,3,100,1000,40000000,0.010683,14.206630,0.007994,14.225307
15,4,100,1000,40000000,0.011082,14.196554,0.007963,14.215599
15,5,100,1000,40000000,0.011458,14.275093,0.008057,14.294608
15,6,100,1000,40000000,0.013659,15.465365,0.007893,15.486916
15,7,100,1000,40000000,0.022175,14.746432,0.007965,14.776573
15,8,100,1000,40000000,0.013201,14.798273,0.008028,14.819502
15,9,100,1000,40000000,0.012010,12.852381,0.007923,12.872314
15,10,100,1000,40000000,0.012545,14.442868,0.007959,14.463371
15,11,100,1000,40000000,0.012801,13.781448,0.008004,13.802253
15,12,100,1000,40000000,0.011864,15.667510,0.007968,15.687342
15,13,100,1000,40000000,0.005695,14.825473,0.007933,14.839101
15,14,100,1000,40000000,0.017977,15.027988,0.007949,15.053913
15,0,20,1000,400000000,0.024624,24.243000,0.002164,24.269788
15,1,20,1000,400000000,0.022975,25.094121,0.002135,25.119231
15,2,20,1000,400000000,0.024121,24.627874,0.002049,24.654044
15,3,20,1000,400000000,0.023971,23.603722,0.002181,23.629873
15,4,20,1000,400000000,0.024753,28.044467,0.002123,28.071343
15,5,20,1000,400000000,0.024836,25.533255,0.002080,25.560171
15,6,20,1000,400000000,0.023443,29.027997,0.002289,29.053728
15,7,20,1000,400000000,0.024698,22.373210,0.002154,22.400062
15,8,20,1000,400000000,0.020549,27.283728,0.002015,27.306292
15,9,20,1000,400000000,0.015243,29.451935,0.001259,29.468437
15,10,20,1000,400000000,0.023374,30.263149,0.001261,30.287783
15,11,20,1000,400000000,0.017605,26.729408,0.002037,26.749050
15,12,20,1000,400000000,0.024289,19.894021,0.002079,19.920389
15,13,20,1000,400000000,0.022083,20.650939,0.002074,20.675095
15,14,20,1000,400000000,0.019548,23.701136,0.002138,23.722822
15,0,5000,5000,4,0.036420,0.015768,0.295860,0.348048
15,1,5000,5000,4,0.035994,0.014352,0.297146,0.347492
15,2,5000,5000,4,0.036529,0.014048,0.297213,0.347789
15,3,5000,5000,4,0.036363,0.014220,0.296919,0.347502
15,4,5000,5000,4,0.035755,0.014004,0.297131,0.346889
15,5,5000,5000,4,0.035990,0.014051,0.296900,0.346941
15,6,5000,5000,4,0.035790,0.014461,0.297265,0.347516
15,7,5000,5000,4,0.036576,0.014266,0.297334,0.348176
15,8,5000,5000,4,0.035512,0.014527,0.296865,0.346905
15,9,5000,5000,4,0.036204,0.015008,0.296579,0.347791
15,10,5000,5000,4,0.036369,0.014225,0.297413,0.348007
15,11,5000,5000,4,0.036263,0.014011,0.297070,0.347344
15,12,5000,5000,4,0.035368,0.013697,0.297271,0.346336
15,13,5000,5000,4,0.035922,0.013582,0.297593,0.347097
15,14,5000,5000,4,0.035771,0.014744,0.297050,0.347566
15,0,5000,5000,400,0.044760,0.009662,0.297247,0.351668
15,1,5000,5000,400,0.044188,0.009091,0.297702,0.350982
15,2,5000,5000,400,0.043569,0.009917,0.297775,0.351262
15,3,5000,5000,400,0.044250,0.009274,0.297577,0.351102
15,4,5000,5000,400,0.043801,0.009245,0.297131,0.350178
15,5,5000,5000,400,0.043566,0.009141,0.297189,0.349895
15,6,5000,5000,400,0.043957,0.009933,0.297544,0.351433
15,7,5000,5000,400,0.044563,0.010208,0.297440,0.352211
15,8,5000,5000,400,0.044464,0.009180,0.297382,0.351026
15,9,5000,5000,400,0.044402,0.009785,0.296518,0.350705
15,10,5000,5000,400,0.044717,0.009984,0.297722,0.352423
15,11,5000,5000,400,0.044329,0.009452,0.297612,0.351393
15,12,5000,5000,400,0.043967,0.009201,0.297439,0.350607
15,13,5000,5000,400,0.044989,0.008570,0.298236,0.351796
15,14,5000,5000,400,0.044615,0.010030,0.297733,0.352378
15,0,5000,5000,4000,0.042642,0.062259,0.297338,0.402239
15,1,5000,5000,4000,0.040608,0.056848,0.297273,0.394729
15,2,5000,5000,4000,0.040043,0.056287,0.297357,0.393686
15,3,5000,5000,4000,0.040525,0.057239,0.297106,0.394870
15,4,5000,5000,4000,0.039601,0.057151,0.297202,0.393955
15,5,5000,5000,4000,0.039736,0.057302,0.297359,0.394398
15,6,5000,5000,4000,0.039301,0.056025,0.297332,0.392658
15,7,5000,5000,4000,0.041338,0.060575,0.297882,0.399794
15,8,5000,5000,4000,0.041566,0.056814,0.297360,0.395740
15,9,5000,5000,4000,0.042006,0.059547,0.297243,0.398796
15,10,5000,5000,4000,0.041835,0.056511,0.297699,0.396045
15,11,5000,5000,4000,0.042609,0.056308,0.298160,0.397077
15,12,5000,5000,4000,0.041006,0.058866,0.297164,0.397035
15,13,5000,5000,4000,0.041676,0.057467,0.297957,0.397100
15,14,5000,5000,4000,0.041299,0.063306,0.297338,0.401943
15,0,500,5000,40000,0.007954,0.048269,0.029345,0.085568
15,1,500,5000,40000,0.008245,0.047776,0.029763,0.085784
15,2,500,5000,40000,0.008265,0.045283,0.029837,0.083385
15,3,500,5000,40000,0.008110,0.052422,0.029804,0.090335
15,4,500,5000,40000,0.008837,0.048088,0.029836,0.086761
15,5,500,5000,40000,0.008244,0.049369,0.029774,0.087387
15,6,500,5000,40000,0.008569,0.050302,0.029841,0.088712
15,7,500,5000,40000,0.008620,0.053526,0.029829,0.091975
15,8,500,5000,40000,0.009016,0.057722,0.029778,0.096516
15,9,500,5000,40000,0.009147,0.059589,0.029638,0.098374
15,10,500,5000,40000,0.009113,0.061898,0.029723,0.100734
15,11,500,5000,40000,0.009108,0.063730,0.029798,0.102636
15,12,500,5000,40000,0.009593,0.053823,0.029858,0.093274
15,13,500,5000,40000,0.009099,0.054104,0.029889,0.093093
15,14,500,5000,40000,0.008839,0.055001,0.029884,0.093724
15,0,500,5000,400000,0.007300,0.600872,0.029628,0.637801
15,1,500,5000,400000,0.007326,0.592923,0.029687,0.629936
15,2,500,5000,400000,0.007316,0.561034,0.029719,0.598069
15,3,500,5000,400000,0.007340,0.580693,0.029691,0.617724
15,4,500,5000,400000,0.006947,0.590108,0.029729,0.626783
15,5,500,5000,400000,0.007094,0.613009,0.029717,0.649820
15,6,500,5000,400000,0.006997,0.588960,0.029742,0.625698
15,7,500,5000,400000,0.006989,0.595178,0.029704,0.631871
15,8,500,5000,400000,0.007124,0.565847,0.029753,0.602723
15,9,500,5000,400000,0.006709,0.535629,0.029526,0.571864
15,10,500,5000,400000,0.006704,0.518019,0.029743,0.554466
15,11,500,5000,400000,0.006858,0.551713,0.029675,0.588246
15,12,500,5000,400000,0.007091,0.552588,0.029713,0.589393
15,13,500,5000,400000,0.006505,0.573027,0.029658,0.609191
15,14,500,5000,400000,0.007124,0.582792,0.029736,0.619652
15,0,500,5000,4000000,0.006095,6.967986,0.035142,7.009222
15,1,500,5000,4000000,0.005875,6.687005,0.036401,6.729280
15,2,500,5000,4000000,0.005941,7.132165,0.031642,7.169748
15,3,500,5000,4000000,0.005520,6.446011,0.036043,6.487575
15,4,500,5000,4000000,0.007617,7.340933,0.031366,7.379916
15,5,500,5000,4000000,0.009122,7.314463,0.032146,7.355731
15,6,500,5000,4000000,0.007802,7.372607,0.031985,7.412394
15,7,500,5000,4000000,0.008873,7.111842,0.032585,7.153300
15,8,500,5000,4000000,0.007246,6.734433,0.033983,6.775663
15,9,500,5000,4000000,0.006373,6.777390,0.036449,6.820211
15,10,500,5000,4000000,0.008919,6.785225,0.032310,6.826455
15,11,500,5000,4000000,0.008846,6.857905,0.032398,6.899149
15,12,500,5000,4000000,0.006879,7.122382,0.036195,7.165456
15,13,500,5000,4000000,0.007202,7.490861,0.031427,7.529489
15,14,500,5000,4000000,0.006523,6.993078,0.034654,7.034255
15,0,100,5000,40000000,0.009426,15.539401,0.006682,15.555509
15,1,100,5000,40000000,0.003214,14.478235,0.007384,14.488834
15,2,100,5000,40000000,0.005083,14.202402,0.006044,14.213529
15,3,100,5000,40000000,0.003634,15.024995,0.007358,15.035987
15,4,100,5000,40000000,0.014017,13.638680,0.006697,13.659394
15,5,100,5000,40000000,0.001820,14.081917,0.007389,14.091126
15,6,100,5000,40000000,0.001523,14.464243,0.006652,14.472418
15,7,100,5000,40000000,0.013748,14.568356,0.006712,14.588816
15,8,100,5000,40000000,0.004898,14.550217,0.007238,14.562353
15,9,100,5000,40000000,0.004608,14.716142,0.006708,14.727458
15,10,100,5000,40000000,0.004280,14.721532,0.007814,14.733626
15,11,100,5000,40000000,0.004001,14.985854,0.007389,14.997244
15,12,100,5000,40000000,0.002230,14.660108,0.007318,14.669656
15,13,100,5000,40000000,0.002591,14.979589,0.007369,14.989550
15,14,100,5000,40000000,0.002832,15.103793,0.007423,15.114048
15,0,20,5000,400000000,0.015950,25.243019,0.003058,25.262028
15,1,20,5000,400000000,0.019676,25.949512,0.002957,25.972146
15,2,20,5000,400000000,0.018610,26.050299,0.003029,26.071938
15,3,20,5000,400000000,0.019353,24.070716,0.002958,24.093027
15,4,20,5000,400000000,0.018018,28.294118,0.002289,28.314425
15,5,20,5000,400000000,0.019048,24.040485,0.003116,24.062649
15,6,20,5000,400000000,0.015479,27.391325,0.002296,27.409101
15,7,20,5000,400000000,0.019427,25.646915,0.002258,25.668600
15,8,20,5000,400000000,0.013831,22.809950,0.003107,22.826888
15,9,20,5000,400000000,0.018983,24.371283,0.003080,24.393345
15,10,20,5000,400000000,0.018781,26.666527,0.003098,26.688405
15,11,20,5000,400000000,0.016216,26.255427,0.003132,26.274775
15,12,20,5000,400000000,0.019131,22.057865,0.003752,22.080748
15,13,20,5000,400000000,0.019450,24.033257,0.003724,24.056430
15,14,20,5000,400000000,0.019143,25.649371,0.003807,25.672321
15,0,5000,10000,4,0.032109,0.023507,0.321374,0.376991
15,1,5000,10000,4,0.032424,0.020727,0.322064,0.375215
15,2,5000,10000,4,0.032587,0.020370,0.322272,0.375229
15,3,5000,10000,4,0.032803,0.020861,0.322150,0.375815
15,4,5000,10000,4,0.032423,0.022035,0.321967,0.376426
15,5,5000,10000,4,0.032607,0.021311,0.322020,0.375938
15,6,5000,10000,4,0.032315,0.021535,0.322259,0.376109
15,7,5000,10000,4,0.032702,0.021262,0.322195,0.376159
15,8,5000,10000,4,0.032537,0.021028,0.322056,0.375620
15,9,5000,10000,4,0.032556,0.021073,0.321891,0.375520
15,10,5000,10000,4,0.032760,0.021240,0.322248,0.376248
15,11,5000,10000,4,0.032622,0.020856,0.322190,0.375668
15,12,5000,10000,4,0.033043,0.019430,0.322501,0.374973
15,13,5000,10000,4,0.033405,0.019796,0.322392,0.375593
15,14,5000,10000,4,0.032429,0.022924,0.321377,0.376731
15,0,5000,10000,400,0.032179,0.032689,0.321749,0.386617
15,1,5000,10000,400,0.032387,0.029089,0.322518,0.383994
15,2,5000,10000,400,0.032274,0.029855,0.322573,0.384702
15,3,5000,10000,400,0.033294,0.028837,0.322601,0.384732
15,4,5000,10000,400,0.032598,0.031390,0.322453,0.386441
15,5,5000,10000,400,0.032431,0.029383,0.322421,0.384234
15,6,5000,10000,400,0.032221,0.029470,0.322588,0.384279
15,7,5000,10000,400,0.032529,0.029936,0.322694,0.385160
15,8,5000,10000,400,0.033434,0.029278,0.322339,0.385051
15,9,5000,10000,400,0.033078,0.030460,0.322114,0.385653
15,10,5000,10000,400,0.032740,0.029589,0.322719,0.385047
15,11,5000,10000,400,0.033258,0.028136,0.322980,0.384374
15,12,5000,10000,400,0.033510,0.029900,0.322768,0.386178
15,13,5000,10000,400,0.034330,0.028737,0.322948,0.386016
15,14,5000,10000,400,0.032847,0.032641,0.321873,0.387361
15,0,5000,10000,4000,0.041622,0.061815,0.322045,0.425482
15,1,5000,10000,4000,0.042047,0.058317,0.322876,0.423239
15,2,5000,10000,4000,0.040963,0.056246,0.322802,0.420011
15,3,5000,10000,4000,0.042105,0.057070,0.323009,0.422183
15,4,5000,10000,4000,0.041822,0.056051,0.322722,0.420594
15,5,5000,10000,4000,0.042222,0.058679,0.322748,0.423649
15,6,5000,10000,4000,0.040913,0.055961,0.322887,0.419761
15,7,5000,10000,4000,0.041757,0.057349,0.323091,0.422197
15,8,5000,10000,4000,0.041444,0.058779,0.322558,0.422780
15,9,5000,10000,4000,0.041670,0.059321,0.322553,0.423545
15,10,5000,10000,4000,0.040939,0.057813,0.322786,0.421537
15,11,5000,10000,4000,0.041852,0.057908,0.322736,0.422496
15,12,5000,10000,4000,0.042223,0.058528,0.323080,0.423830
15,13,5000,10000,4000,0.042054,0.057556,0.323363,0.422974
15,14,5000,10000,4000,0.041293,0.063507,0.322048,0.426848
15,0,500,10000,40000,0.019003,0.085700,0.031743,0.136447
15,1,500,10000,40000,0.019576,0.078448,0.032321,0.130345
15,2,500,10000,40000,0.019538,0.078596,0.032337,0.130472
15,3,500,10000,40000,0.021224,0.081396,0.032360,0.134980
15,4,500,10000,40000,0.021423,0.078126,0.032382,0.131931
15,5,500,10000,40000,0.021077,0.078592,0.032339,0.132008
15,6,500,10000,40000,0.020381,0.079065,0.032320,0.131766
15,7,500,10000,40000,0.021755,0.078063,0.032429,0.132247
15,8,500,10000,40000,0.020274,0.080046,0.032371,0.132690
15,9,500,10000,40000,0.019126,0.078159,0.032304,0.129589
15,10,500,10000,40000,0.019694,0.079300,0.032231,0.131225
15,11,500,10000,40000,0.020642,0.079800,0.032401,0.132843
15,12,500,10000,40000,0.025030,0.078423,0.032441,0.135894
15,13,500,10000,40000,0.024485,0.082538,0.032430,0.139453
15,14,500,10000,40000,0.025447,0.079062,0.032410,0.136919
15,0,500,10000,400000,0.006835,0.602945,0.032185,0.641964
15,1,500,10000,400000,0.006642,0.554718,0.032279,0.593639
15,2,500,10000,400000,0.006830,0.567075,0.032309,0.606214
15,3,500,10000,400000,0.006676,0.565817,0.032249,0.604742
15,4,500,10000,400000,0.007139,0.618505,0.032259,0.657903
15,5,500,10000,400000,0.007121,0.607595,0.032260,0.646976
15,6,500,10000,400000,0.007083,0.607266,0.032296,0.646645
15,7,500,10000,400000,0.007010,0.596771,0.032260,0.636041
15,8,500,10000,400000,0.007132,0.595334,0.032241,0.634707
15,9,500,10000,400000,0.007063,0.573107,0.032172,0.612342
15,10,500,10000,400000,0.006945,0.568116,0.032297,0.607359
15,11,500,10000,400000,0.006999,0.581719,0.032233,0.620951
15,12,500,10000,400000,0.006892,0.548527,0.032294,0.587713
15,13,500,10000,400000,0.007276,0.598726,0.032194,0.638197
15,14,500,10000,400000,0.006942,0.585997,0.032314,0.625253
15,0,500,10000,4000000,0.007526,6.811587,0.035490,6.854603
15,1,500,10000,4000000,0.007751,6.840260,0.035644,6.883654
15,2,500,10000,4000000,0.007474,6.690051,0.036970,6.734494
15,3,500,10000,4000000,0.007691,6.453829,0.039379,6.500899
15,4,500,10000,4000000,0.008169,7.015857,0.040050,7.064076
15,5,500,10000,4000000,0.008060,7.095297,0.038709,7.142067
15,6,500,10000,4000000,0.008468,7.040823,0.035423,7.084713
15,7,500,10000,4000000,0.008600,7.074814,0.038131,7.121545
15,8,500,10000,4000000,0.009104,6.966803,0.045357,7.021264
15,9,500,10000,4000000,0.008624,6.820192,0.044800,6.873616
15,10,500,10000,4000000,0.009341,7.128542,0.037372,7.175255
15,11,500,10000,4000000,0.008897,6.871213,0.047318,6.927427
15,12,500,10000,4000000,0.006118,6.939972,0.040240,6.986330
15,13,500,10000,4000000,0.005285,7.337742,0.035746,7.378773
15,14,500,10000,4000000,0.005176,7.368822,0.036106,7.410104
15,0,100,10000,40000000,0.007035,14.165462,0.014344,14.186841
15,1,100,10000,40000000,0.006128,14.930422,0.015716,14.952266
15,2,100,10000,40000000,0.006424,14.576657,0.014604,14.597684
15,3,100,10000,40000000,0.006861,14.621195,0.014713,14.642769
15,4,100,10000,40000000,0.009362,14.746313,0.014198,14.769873
15,5,100,10000,40000000,0.009965,15.295952,0.013574,15.319491
15,6,100,10000,40000000,0.009011,14.931740,0.014279,14.955030
15,7,100,10000,40000000,0.009631,14.584427,0.014294,14.608352
15,8,100,10000,40000000,0.008520,14.717167,0.012790,14.738477
15,9,100,10000,40000000,0.008081,13.561228,0.013265,13.582575
15,10,100,10000,40000000,0.007450,13.302325,0.014027,13.323802
15,11,100,10000,40000000,0.007787,13.967356,0.012797,13.987940
15,12,100,10000,40000000,0.001529,14.498995,0.015488,14.516012
15,13,100,10000,40000000,0.002150,14.175662,0.015501,14.193313
15,14,100,10000,40000000,0.001954,15.287571,0.014986,15.304511
15,0,20,10000,400000000,0.018577,22.469612,0.001434,22.489624
15,1,20,10000,400000000,0.018953,25.894440,0.001373,25.914767
15,2,20,10000,400000000,0.021653,25.516618,0.001374,25.539646
15,3,20,10000,400000000,0.021418,25.119798,0.001397,25.142613
15,4,20,10000,400000000,0.021168,22.647484,0.001438,22.670090
15,5,20,10000,400000000,0.020677,24.611359,0.001451,24.633487
15,6,20,10000,400000000,0.018793,24.003500,0.001397,24.023690
15,7,20,10000,400000000,0.021260,24.802321,0.001396,24.824976
15,8,20,10000,400000000,0.017908,26.481730,0.001530,26.501168
15,9,20,10000,400000000,0.021058,23.347072,0.001449,23.369579
15,10,20,10000,400000000,0.021198,25.004650,0.001398,25.027246
15,11,20,10000,400000000,0.021441,26.706288,0.001383,26.729111
15,12,20,10000,400000000,0.013387,18.978719,0.001387,18.993493
15,13,20,10000,400000000,0.020407,20.182943,0.001403,20.204754
15,14,20,10000,400000000,0.016590,18.261196,0.001478,18.279263
15,0,5000,50000,4,0.039902,0.007784,0.522325,0.570012
15,1,5000,50000,4,0.040183,0.007269,0.523593,0.571046
15,2,5000,50000,4,0.040436,0.008103,0.523202,0.571741
15,3,5000,50000,4,0.040066,0.008436,0.523061,0.571563
15,4,5000,50000,4,0.040634,0.007566,0.522618,0.570819
15,5,5000,50000,4,0.040758,0.007613,0.522514,0.570886
15,6,5000,50000,4,0.040456,0.008104,0.522830,0.571391
15,7,5000,50000,4,0.040489,0.008405,0.522814,0.571708
15,8,5000,50000,4,0.040344,0.007647,0.522620,0.570610
15,9,5000,50000,4,0.040073,0.007767,0.522334,0.570174
15,10,5000,50000,4,0.040853,0.008033,0.522830,0.571716
15,11,5000,50000,4,0.040076,0.008091,0.523087,0.571254
15,12,5000,50000,4,0.039318,0.007952,0.523519,0.570789
15,13,5000,50000,4,0.039962,0.008039,0.523340,0.571340
15,14,5000,50000,4,0.039480,0.008641,0.523048,0.571168
15,0,5000,50000,400,0.031193,0.031694,0.522106,0.584993
15,1,5000,50000,400,0.031018,0.028890,0.522723,0.582631
15,2,5000,50000,400,0.031499,0.028358,0.523066,0.582923
15,3,5000,50000,400,0.032245,0.028170,0.522843,0.583259
15,4,5000,50000,400,0.031448,0.029368,0.522729,0.583545
15,5,5000,50000,400,0.031422,0.030234,0.522678,0.584334
15,6,5000,50000,400,0.031893,0.028531,0.522785,0.583209
15,7,5000,50000,400,0.031355,0.029936,0.523101,0.584392
15,8,5000,50000,400,0.031353,0.028724,0.522744,0.582821
15,9,5000,50000,400,0.031858,0.029752,0.522399,0.584010
15,10,5000,50000,400,0.031091,0.030531,0.522753,0.584375
15,11,5000,50000,400,0.031527,0.029885,0.522867,0.584279
15,12,5000,50000,400,0.031670,0.030511,0.522873,0.585054
15,13,5000,50000,400,0.032059,0.029245,0.523107,0.584411
15,14,5000,50000,400,0.032281,0.027594,0.523604,0.583479
15,0,5000,50000,4000,0.039563,0.067078,0.521334,0.627974
15,1,5000,50000,4000,0.039250,0.058804,0.523259,0.621313
15,2,5000,50000,4000,0.037814,0.059061,0.523104,0.619979
15,3,5000,50000,4000,0.038159,0.060303,0.522817,0.621279
15,4,5000,50000,4000,0.040409,0.059184,0.523171,0.622764
15,5,5000,50000,4000,0.041321,0.063121,0.522997,0.627438
15,6,5000,50000,4000,0.041553,0.061812,0.523002,0.626367
15,7,5000,50000,4000,0.040618,0.064108,0.523016,0.627741
15,8,5000,50000,4000,0.039076,0.058371,0.522904,0.620350
15,9,5000,50000,4000,0.042693,0.061102,0.522996,0.626791
15,10,5000,50000,4000,0.038464,0.059066,0.523027,0.620556
15,11,5000,50000,4000,0.040095,0.061788,0.523136,0.625020
15,12,5000,50000,4000,0.041014,0.063032,0.523138,0.627184
15,13,5000,50000,4000,0.041046,0.058992,0.523953,0.623991
15,14,5000,50000,4000,0.040578,0.060555,0.523062,0.624196
15,0,500,50000,40000,0.014380,0.077828,0.051530,0.143739
15,1,500,50000,40000,0.014921,0.069282,0.052347,0.136550
15,2,500,50000,40000,0.015888,0.072616,0.052336,0.140840
15,3,500,50000,40000,0.015768,0.069933,0.052379,0.138081
15,4,500,50000,40000,0.017479,0.071139,0.052395,0.141013
15,5,500,50000,40000,0.017882,0.075008,0.052358,0.145248
15,6,500,50000,40000,0.018425,0.071197,0.052308,0.141929
15,7,500,50000,40000,0.018346,0.070752,0.052392,0.141491
15,8,500,50000,40000,0.017695,0.071319,0.052388,0.141402
15,9,500,50000,40000,0.017363,0.070846,0.052200,0.140409
15,10,500,50000,40000,0.018010,0.071670,0.052324,0.142003
15,11,500,50000,40000,0.018330,0.070784,0.052438,0.141551
15,12,500,50000,40000,0.020362,0.071608,0.052412,0.144382
15,13,500,50000,40000,0.020039,0.070980,0.052429,0.143448
15,14,500,50000,40000,0.019761,0.071827,0.052414,0.144002
15,0,500,50000,400000,0.006559,0.566347,0.052194,0.625099
15,1,500,50000,400000,0.006490,0.520559,0.052316,0.579364
15,2,500,50000,400000,0.006987,0.544335,0.052329,0.603651
15,3,500,50000,400000,0.006371,0.533874,0.052309,0.592554
15,4,500,50000,400000,0.007527,0.546281,0.052319,0.606127
15,5,500,50000,400000,0.007525,0.563736,0.052312,0.623574
15,6,500,50000,400000,0.007565,0.566320,0.052347,0.626232
15,7,500,50000,400000,0.007517,0.567703,0.052294,0.627515
15,8,500,50000,400000,0.007125,0.560437,0.052335,0.619897
15,9,500,50000,400000,0.007533,0.594912,0.052328,0.654773
15,10,500,50000,400000,0.007531,0.537840,0.052360,0.597731
15,11,500,50000,400000,0.007675,0.571824,0.052304,0.631802
15,12,500,50000,400000,0.007564,0.558909,0.052326,0.618799
15,13,500,50000,400000,0.007033,0.536961,0.052320,0.596314
15,14,500,50000,400000,0.007412,0.540762,0.052354,0.600529
15,0,500,50000,4000000,0.007515,7.474271,0.053475,7.535261
15,1,500,50000,4000000,0.007524,7.253907,0.056552,7.317983
15,2,500,50000,4000000,0.007837,7.129428,0.057474,7.194740
15,3,500,50000,4000000,0.007730,7.169812,0.055821,7.233363
15,4,500,50000,4000000,0.009081,6.804766,0.062673,6.876520
15,5,500,50000,4000000,0.008903,6.919199,0.062150,6.990252
15,6,500,50000,4000000,0.009026,7.297434,0.057368,7.363829
15,7,500,50000,4000000,0.008956,7.139721,0.058425,7.207102
15,8,500,50000,4000000,0.010865,7.169075,0.058934,7.238875
15,9,500,50000,4000000,0.009529,7.324977,0.056710,7.391216
15,10,500,50000,4000000,0.009695,7.224928,0.056444,7.291067
15,11,500,50000,4000000,0.010495,6.840832,0.064059,6.915385
15,12,500,50000,4000000,0.005979,7.409679,0.055408,7.471067
15,13,500,50000,4000000,0.005609,7.166865,0.057656,7.230130
15,14,500,50000,4000000,0.005637,7.300548,0.054427,7.360612
15,0,100,50000,40000000,0.001597,14.612686,0.012110,14.626393
15,1,100,50000,40000000,0.002401,13.340751,0.012100,13.355251
15,2,100,50000,40000000,0.001956,14.646886,0.012056,14.660898
15,3,100,50000,40000000,0.002180,14.869132,0.012096,14.883409
15,4,100,50000,40000000,0.012326,13.703941,0.011460,13.727727
15,5,100,50000,40000000,0.011231,12.610924,0.012099,12.634254
15,6,100,50000,40000000,0.012113,14.211825,0.012010,14.235949
15,7,100,50000,40000000,0.011724,14.535374,0.011983,14.559081
15,8,100,50000,40000000,0.014135,15.084366,0.011403,15.109904
15,9,100,50000,40000000,0.014425,13.890558,0.011416,13.916399
15,10,100,50000,40000000,0.013924,15.785170,0.011395,15.810489
15,11,100,50000,40000000,0.013563,15.227427,0.011400,15.252390
15,12,100,50000,40000000,0.013030,14.344364,0.011354,14.368747
15,13,100,50000,40000000,0.012816,15.010838,0.011407,15.035060
15,14,100,50000,40000000,0.006927,15.836735,0.011419,15.855081
15,0,20,50000,400000000,0.034671,27.221442,0.002777,27.258890
15,1,20,50000,400000000,0.035368,24.950750,0.002143,24.988261
15,2,20,50000,400000000,0.034516,25.725655,0.002809,25.762980
15,3,20,50000,400000000,0.037852,27.019869,0.002111,27.059833
15,4,20,50000,400000000,0.032660,22.130775,0.002116,22.165551
15,5,20,50000,400000000,0.027188,21.590353,0.002137,21.619679
15,6,20,50000,400000000,0.032774,20.418176,0.002103,20.453053
15,7,20,50000,400000000,0.027700,17.802322,0.002128,17.832150
15,8,20,50000,400000000,0.023030,26.046664,0.003024,26.072718
15,9,20,50000,400000000,0.038557,24.664316,0.002086,24.704960
15,10,20,50000,400000000,0.029032,25.071413,0.002822,25.103268
15,11,20,50000,400000000,0.028742,26.291437,0.002832,26.323011
15,12,20,50000,400000000,0.027695,23.223036,0.002111,23.252842
15,13,20,50000,400000000,0.027970,19.985363,0.002117,20.015450
15,14,20,50000,400000000,0.030312,23.495809,0.002113,23.528234
15,0,5000,100000,4,0.039717,0.007814,0.772447,0.819979
15,1,5000,100000,4,0.039455,0.007467,0.772610,0.819532
15,2,5000,100000,4,0.039354,0.007793,0.772916,0.820062
15,3,5000,100000,4,0.039860,0.007701,0.772713,0.820274
15,4,5000,100000,4,0.039131,0.007660,0.772676,0.819467
15,5,5000,100000,4,0.039160,0.007167,0.772848,0.819175
15,6,5000,100000,4,0.039183,0.007664,0.772902,0.819748
15,7,5000,100000,4,0.039906,0.007862,0.773170,0.820938
15,8,5000,100000,4,0.039375,0.007453,0.772668,0.819496
15,9,5000,100000,4,0.040116,0.007130,0.772486,0.819731
15,10,5000,100000,4,0.039412,0.007795,0.772798,0.820005
15,11,5000,100000,4,0.039492,0.007535,0.773002,0.820029
15,12,5000,100000,4,0.038401,0.007731,0.772773,0.818905
15,13,5000,100000,4,0.038702,0.007421,0.773189,0.819313
15,14,5000,100000,4,0.038958,0.008210,0.773099,0.820267
15,0,5000,100000,400,0.046030,0.010024,0.772548,0.828602
15,1,5000,100000,400,0.045327,0.009696,0.772754,0.827776
15,2,5000,100000,400,0.045408,0.009869,0.773079,0.828355
15,3,5000,100000,400,0.045841,0.009740,0.772875,0.828456
15,4,5000,100000,400,0.044903,0.009211,0.772867,0.826981
15,5,5000,100000,400,0.045522,0.009596,0.772639,0.827757
15,6,5000,100000,400,0.045174,0.010215,0.773043,0.828432
15,7,5000,100000,400,0.044893,0.009965,0.773105,0.827964
15,8,5000,100000,400,0.044933,0.009973,0.772905,0.827812
15,9,5000,100000,400,0.045469,0.009203,0.773316,0.827988
15,10,5000,100000,400,0.045307,0.010401,0.773439,0.829147
15,11,5000,100000,400,0.045757,0.010398,0.773135,0.829290
15,12,5000,100000,400,0.046029,0.009649,0.772992,0.828671
15,13,5000,100000,400,0.046036,0.009536,0.773307,0.828879
15,14,5000,100000,400,0.045763,0.010701,0.773522,0.829986
15,0,5000,100000,4000,0.041631,0.063575,0.772742,0.877947
15,1,5000,100000,4000,0.039211,0.057508,0.773096,0.869815
15,2,5000,100000,4000,0.038881,0.057771,0.773143,0.869796
15,3,5000,100000,4000,0.038735,0.059027,0.772906,0.870667
15,4,5000,100000,4000,0.038588,0.058439,0.772950,0.869977
15,5,5000,100000,4000,0.039200,0.060311,0.773120,0.872631
15,6,5000,100000,4000,0.037622,0.060260,0.773191,0.871073
15,7,5000,100000,4000,0.040370,0.059671,0.773302,0.873343
15,8,5000,100000,4000,0.039715,0.060112,0.773014,0.872841
15,9,5000,100000,4000,0.040275,0.059511,0.773036,0.872822
15,10,5000,100000,4000,0.038689,0.059177,0.773296,0.871162
15,11,5000,100000,4000,0.040317,0.058642,0.773723,0.872683
15,12,5000,100000,4000,0.042540,0.061494,0.773874,0.877908
15,13,5000,100000,4000,0.040269,0.059346,0.773806,0.873421
15,14,5000,100000,4000,0.039326,0.061014,0.773260,0.873600
15,0,500,100000,40000,0.009256,0.077423,0.077208,0.163886
15,1,500,100000,40000,0.008911,0.072970,0.077377,0.159258
15,2,500,100000,40000,0.009218,0.076528,0.077411,0.163157
15,3,500,100000,40000,0.009227,0.082895,0.077379,0.169501
15,4,500,100000,40000,0.009507,0.076045,0.077405,0.162957
15,5,500,100000,40000,0.009458,0.074635,0.077361,0.161454
15,6,500,100000,40000,0.009737,0.074986,0.077370,0.162093
15,7,500,100000,40000,0.009814,0.076336,0.077443,0.163593
15,8,500,100000,40000,0.008745,0.070083,0.077407,0.156236
15,9,500,100000,40000,0.009246,0.075638,0.077292,0.162176
15,10,500,100000,40000,0.009041,0.074909,0.077396,0.161347
15,11,500,100000,40000,0.009163,0.068644,0.077404,0.155211
15,12,500,100000,40000,0.010046,0.080480,0.077416,0.167943
15,13,500,100000,40000,0.009534,0.078952,0.077435,0.165921
15,14,500,100000,40000,0.009670,0.073442,0.077459,0.160571
15,0,500,100000,400000,0.006348,0.543076,0.077294,0.626718
15,1,500,100000,400000,0.005876,0.480713,0.077349,0.563939
15,2,500,100000,400000,0.006178,0.518982,0.077375,0.602534
15,3,500,100000,400000,0.005969,0.499664,0.077324,0.582957
15,4,500,100000,400000,0.006612,0.526403,0.077371,0.610386
15,5,500,100000,400000,0.006863,0.541086,0.077332,0.625280
15,6,500,100000,400000,0.006550,0.528061,0.077406,0.612017
15,7,500,100000,400000,0.007215,0.576632,0.077359,0.661207
15,8,500,100000,400000,0.007487,0.591928,0.077319,0.676734
15,9,500,100000,400000,0.006784,0.558847,0.077295,0.642927
15,10,500,100000,400000,0.007237,0.568523,0.077364,0.653124
15,11,500,100000,400000,0.006908,0.575549,0.077340,0.659797
15,12,500,100000,400000,0.006505,0.534672,0.077359,0.618537
15,13,500,100000,400000,0.006253,0.513096,0.077339,0.596687
15,14,500,100000,400000,0.006449,0.533350,0.077387,0.617186
15,0,500,100000,4000000,0.011539,7.289676,0.080153,7.381367
15,1,500,100000,4000000,0.005774,7.142720,0.080814,7.229308
15,2,500,100000,4000000,0.005674,6.942525,0.084204,7.032404
15,3,500,100000,4000000,0.005585,6.773379,0.081980,6.860944
15,4,500,100000,4000000,0.008496,7.226656,0.081195,7.316347
15,5,500,100000,4000000,0.008645,7.235303,0.081381,7.325329
15,6,500,100000,4000000,0.008467,7.014448,0.081813,7.104728
15,7,500,100000,4000000,0.008442,7.457690,0.079914,7.546046
15,8,500,100000,4000000,0.007315,6.663620,0.085425,6.756360
15,9,500,100000,4000000,0.007695,6.870138,0.081760,6.959593
15,10,500,100000,4000000,0.007022,6.711388,0.081232,6.799642
15,11,500,100000,4000000,0.007347,6.853039,0.080900,6.941286
15,12,500,100000,4000000,0.010151,7.376102,0.079229,7.465483
15,13,500,100000,4000000,0.009943,7.303474,0.080024,7.393441
15,14,500,100000,4000000,0.010377,7.481894,0.081647,7.573918
15,0,100,100000,40000000,0.013675,13.406557,0.017957,13.438189
15,1,100,100000,40000000,0.012900,13.060319,0.017826,13.091045
15,2,100,100000,40000000,0.012631,12.921839,0.017961,12.952431
15,3,100,100000,40000000,0.013350,13.902202,0.017907,13.933459
15,4,100,100000,40000000,0.002305,12.477743,0.017972,12.498019
15,5,100,100000,40000000,0.002104,13.037246,0.017848,13.057198
15,6,100,100000,40000000,0.001797,13.270230,0.017959,13.289986
15,7,100,100000,40000000,0.001452,12.948290,0.018006,12.967748
15,8,100,100000,40000000,0.007377,13.464263,0.017965,13.489605
15,9,100,100000,40000000,0.006716,14.094294,0.017931,14.118941
15,10,100,100000,40000000,0.007084,14.407152,0.017978,14.432213
15,11,100,100000,40000000,0.006348,14.223962,0.017933,14.248242
15,12,100,100000,40000000,0.007870,13.526349,0.017927,13.552146
15,13,100,100000,40000000,0.008218,13.728787,0.017999,13.755004
15,14,100,100000,40000000,0.013887,13.438464,0.017826,13.470177
15,0,20,100000,400000000,0.024430,27.898761,0.003191,27.926382
15,1,20,100000,400000000,0.024215,26.877545,0.003142,26.904902
15,2,20,100000,400000000,0.018252,27.054960,0.003322,27.076534
15,3,20,100000,400000000,0.024564,27.101491,0.003176,27.129231
15,4,20,100000,400000000,0.016281,25.835068,0.003198,25.854548
15,5,20,100000,400000000,0.023514,24.532489,0.003137,24.559140
15,6,20,100000,400000000,0.023236,25.632463,0.003214,25.658912
15,7,20,100000,400000000,0.018687,25.877815,0.003207,25.899709
15,8,20,100000,400000000,0.024274,26.321278,0.003149,26.348701
15,9,20,100000,400000000,0.024098,23.910066,0.003163,23.937327
15,10,20,100000,400000000,0.024292,22.257723,0.003161,22.285176
15,11,20,100000,400000000,0.024264,27.166282,0.003150,27.193696
15,12,20,100000,400000000,0.019043,26.104628,0.003188,26.126858
15,13,20,100000,400000000,0.020905,23.136067,0.003152,23.160125
15,14,20,100000,400000000,0.023954,25.308752,0.003175,25.335881
15,0,5000,500000,4,0.030762,0.021959,2.773093,2.825814
15,1,5000,500000,4,0.030589,0.021234,2.773232,2.825055
15,2,5000,500000,4,0.030727,0.020888,2.773329,2.824945
15,3,5000,500000,4,0.030764,0.020427,2.773263,2.824454
15,4,5000,500000,4,0.030766,0.021101,2.773186,2.825053
15,5,5000,500000,4,0.031100,0.021146,2.773211,2.825457
15,6,5000,500000,4,0.030853,0.021306,2.773382,2.825541
15,7,5000,500000,4,0.030997,0.020606,2.773441,2.825044
15,8,5000,500000,4,0.030240,0.021431,2.773218,2.824889
15,9,5000,500000,4,0.030616,0.021267,2.773245,2.825128
15,10,5000,500000,4,0.030397,0.020725,2.773393,2.824516
15,11,5000,500000,4,0.030883,0.021093,2.773246,2.825222
15,12,5000,500000,4,0.029969,0.021424,2.773525,2.824917
15,13,5000,500000,4,0.030074,0.020255,2.773609,2.823938
15,14,5000,500000,4,0.030539,0.021044,2.773509,2.825093
15,0,5000,500000,400,0.033816,0.031372,2.773244,2.838432
15,1,5000,500000,400,0.033422,0.028577,2.773533,2.835531
15,2,5000,500000,400,0.034495,0.028381,2.773897,2.836773
15,3,5000,500000,400,0.033982,0.029316,2.773473,2.836772
15,4,5000,500000,400,0.033612,0.030108,2.773622,2.837342
15,5,5000,500000,400,0.033821,0.030517,2.773551,2.837888
15,6,5000,500000,400,0.034136,0.029444,2.773547,2.837127
15,7,5000,500000,400,0.034205,0.029620,2.773710,2.837535
15,8,5000,500000,400,0.034339,0.028735,2.773540,2.836614
15,9,5000,500000,400,0.034011,0.030548,2.773473,2.838032
15,10,5000,500000,400,0.033873,0.032039,2.773902,2.839814
15,11,5000,500000,400,0.034329,0.029872,2.773686,2.837887
15,12,5000,500000,400,0.034115,0.030700,2.773712,2.838527
15,13,5000,500000,400,0.034828,0.029598,2.774126,2.838551
15,14,5000,500000,400,0.033881,0.030949,2.773829,2.838659
15,0,5000,500000,4000,0.060117,0.011198,2.774092,2.845407
15,1,5000,500000,4000,0.058224,0.011052,2.773896,2.843172
15,2,5000,500000,4000,0.059137,0.012912,2.774137,2.846186
15,3,5000,500000,4000,0.059649,0.013488,2.773966,2.847103
15,4,5000,500000,4000,0.059951,0.011527,2.773854,2.845332
15,5,5000,500000,4000,0.058479,0.011548,2.773886,2.843913
15,6,5000,500000,4000,0.060407,0.013858,2.774406,2.848671
15,7,5000,500000,4000,0.058848,0.013404,2.774028,2.846280
15,8,5000,500000,4000,0.059991,0.011169,2.774328,2.845488
15,9,5000,500000,4000,0.060352,0.010708,2.774004,2.845064
15,10,5000,500000,4000,0.059566,0.014935,2.774249,2.848749
15,11,5000,500000,4000,0.057745,0.014790,2.774485,2.847020
15,12,5000,500000,4000,0.061711,0.011685,2.774485,2.847881
15,13,5000,500000,4000,0.059629,0.011809,2.774749,2.846187
15,14,5000,500000,4000,0.058520,0.016283,2.774498,2.849301
15,0,500,500000,40000,0.017279,0.105723,0.276853,0.399855
15,1,500,500000,40000,0.017763,0.103848,0.277444,0.399055
15,2,500,500000,40000,0.018474,0.103372,0.277433,0.399279
15,3,500,500000,40000,0.018617,0.103470,0.277436,0.399523
15,4,500,500000,40000,0.017885,0.102999,0.277499,0.398383
15,5,500,500000,40000,0.016829,0.101718,0.277503,0.396049
15,6,500,500000,40000,0.018527,0.102256,0.277419,0.398202
15,7,500,500000,40000,0.018262,0.106517,0.277522,0.402301
15,8,500,500000,40000,0.019942,0.102118,0.277572,0.399632
15,9,500,500000,40000,0.019083,0.103265,0.277454,0.399801
15,10,500,500000,40000,0.019046,0.103839,0.277468,0.400353
15,11,500,500000,40000,0.019663,0.103282,0.277553,0.400499
15,12,500,500000,40000,0.022637,0.105026,0.277597,0.405259
15,13,500,500000,40000,0.021739,0.102408,0.277584,0.401730
15,14,500,500000,40000,0.021411,0.102547,0.277527,0.401485
15,0,500,500000,400000,0.013142,0.404084,0.277475,0.694701
15,1,500,500000,400000,0.005796,0.365540,0.277453,0.648789
15,2,500,500000,400000,0.005884,0.390075,0.277472,0.673432
15,3,500,500000,400000,0.005833,0.375896,0.277437,0.659166
15,4,500,500000,400000,0.007321,0.415266,0.277478,0.700065
15,5,500,500000,400000,0.007069,0.413559,0.277464,0.698092
15,6,500,500000,400000,0.007228,0.403148,0.277496,0.687872
15,7,500,500000,400000,0.007109,0.409603,0.277437,0.694150
15,8,500,500000,400000,0.007399,0.406289,0.277425,0.691113
15,9,500,500000,400000,0.007552,0.418624,0.277431,0.703607
15,10,500,500000,400000,0.007967,0.422799,0.277449,0.708215
15,11,500,500000,400000,0.007761,0.401461,0.277438,0.686660
15,12,500,500000,400000,0.007030,0.431519,0.277484,0.716033
15,13,500,500000,400000,0.006874,0.411829,0.277466,0.696169
15,14,500,500000,400000,0.006832,0.424042,0.277503,0.708377
15,0,500,500000,4000000,0.006669,6.298320,0.279962,6.584952
15,1,500,500000,4000000,0.006815,6.447422,0.278253,6.732490
15,2,500,500000,4000000,0.005911,5.946589,0.280201,6.232701
15,3,500,500000,4000000,0.006220,6.131519,0.278580,6.416319
15,4,500,500000,4000000,0.007884,5.748378,0.278221,6.034483
15,5,500,500000,4000000,0.006882,5.887491,0.278183,6.172555
15,6,500,500000,4000000,0.006844,6.138928,0.277905,6.423677
15,7,500,500000,4000000,0.006576,5.929598,0.278049,6.214223
15,8,500,500000,4000000,0.009095,6.695446,0.278111,6.982652
15,9,500,500000,4000000,0.008449,6.329914,0.278870,6.617232
15,10,500,500000,4000000,0.010080,6.464154,0.278479,6.752714
15,11,500,500000,4000000,0.008793,6.139716,0.278939,6.427449
15,12,500,500000,4000000,0.006084,6.598560,0.277963,6.882607
15,13,500,500000,4000000,0.005719,6.341660,0.278843,6.626223
15,14,500,500000,4000000,0.005943,6.514076,0.278678,6.798698
15,0,100,500000,40000000,0.001814,14.513412,0.056477,14.571703
15,1,100,500000,40000000,0.001525,14.482988,0.056442,14.540954
15,2,100,500000,40000000,0.001939,12.111824,0.056491,12.170254
15,3,100,500000,40000000,0.005969,14.025187,0.056475,14.087630
15,4,100,500000,40000000,0.010567,13.187668,0.056379,13.254614
15,5,100,500000,40000000,0.013036,14.239882,0.056367,14.309284
15,6,100,500000,40000000,0.010992,14.571794,0.056016,14.638802
15,7,100,500000,40000000,0.012627,14.642463,0.056400,14.711491
15,8,100,500000,40000000,0.012358,14.750394,0.056547,14.819298
15,9,100,500000,40000000,0.012037,15.475157,0.056295,15.543489
15,10,100,500000,40000000,0.011839,15.957856,0.056474,16.026170
15,11,100,500000,40000000,0.011461,15.308278,0.056293,15.376032
15,12,100,500000,40000000,0.021905,15.251862,0.056336,15.330102
15,13,100,500000,40000000,0.021589,15.259744,0.056371,15.337704
15,14,100,500000,40000000,0.017222,14.352053,0.056373,14.425647
15,0,20,500000,400000000,0.024720,24.994329,0.011136,25.030186
15,1,20,500000,400000000,0.022302,25.144732,0.011139,25.178172
15,2,20,500000,400000000,0.023899,29.861512,0.011138,29.896549
15,3,20,500000,400000000,0.021434,29.594029,0.011096,29.626559
15,4,20,500000,400000000,0.011106,22.434872,0.011151,22.457129
15,5,20,500000,400000000,0.021642,24.712184,0.011144,24.744971
15,6,20,500000,400000000,0.019612,22.264214,0.011147,22.294974
15,7,20,500000,400000000,0.019032,24.977127,0.011147,25.007306
15,8,20,500000,400000000,0.022226,26.418588,0.011143,26.451957
15,9,20,500000,400000000,0.024526,24.585059,0.011161,24.620746
15,10,20,500000,400000000,0.023945,26.748508,0.011163,26.783616
15,11,20,500000,400000000,0.024753,24.580866,0.011153,24.616771
15,12,20,500000,400000000,0.024886,27.155941,0.011132,27.191960
15,13,20,500000,400000000,0.024054,25.807501,0.011148,25.842704
15,14,20,500000,400000000,0.020225,28.395486,0.011152,28.426863
